date,pm25,pm10,no2,so2,co,o3,aqi,temp,humidity,wind,day_of_week,month
2015-01-01,313.22,607.98,36.39,9.25,15.2,41.68,472.0,30,60,5,3,1
2015-01-02,186.18,269.55,32.87,6.65,9.54,29.97,454.0,30,60,5,4,1
2015-01-03,87.18,131.9,30.31,2.65,10.61,19.71,143.0,30,60,5,5,1
2015-01-04,151.84,241.84,36.91,4.63,11.54,25.36,319.0,30,60,5,6,1
2015-01-05,146.6,219.13,34.92,3.33,9.2,23.2,325.0,30,60,5,0,1
2015-01-06,149.58,252.1,37.84,3.66,9.44,26.83,318.0,30,60,5,1,1
2015-01-07,217.87,376.51,40.15,5.82,9.78,28.96,353.0,30,60,5,2,1
2015-01-08,229.9,360.95,43.16,3.31,11.01,30.51,383.0,30,60,5,3,1
2015-01-09,201.66,397.43,38.56,3.48,11.09,32.94,375.0,30,60,5,4,1
2015-01-10,221.02,361.74,46.39,5.91,9.7,34.12,376.0,30,60,5,5,1
2015-01-11,205.41,393.2,47.29,5.54,10.98,50.37,379.0,30,60,5,6,1
2015-01-12,212.41,345.63,44.71,5.17,9.3,40.08,375.0,30,60,5,0,1
2015-01-13,197.61,301.04,45.88,5.95,11.52,39.54,366.0,30,60,5,1,1
2015-01-14,164.39,227.38,41.17,4.85,10.32,42.05,353.0,30,60,5,2,1
2015-01-15,166.19,283.93,56.7,6.94,10.81,43.25,340.0,30,60,5,3,1
2015-01-16,174.98,309.99,49.41,4.69,11.46,34.7,356.0,30,60,5,4,1
2015-01-17,196.46,356.2,53.04,5.13,8.87,25.77,360.0,30,60,5,5,1
2015-01-18,201.51,359.75,53.77,5.43,8.99,23.22,370.0,30,60,5,6,1
2015-01-19,183.35,305.13,39.88,4.21,9.02,25.34,362.0,30,60,5,0,1
2015-01-20,165.63,257.04,34.23,4.11,8.03,22.69,340.0,30,60,5,1,1
2015-01-21,159.54,235.27,22.56,7.05,9.01,18.56,338.0,30,60,5,2,1
2015-01-22,143.68,183.89,21.82,8.64,10.58,6.94,332.0,30,60,5,3,1
2015-01-23,128.73,136.07,17.35,6.77,8.74,10.91,254.0,30,60,5,4,1
2015-01-24,164.98,200.02,15.77,8.89,9.39,9.35,324.0,30,60,5,5,1
2015-01-25,148.59,203.81,20.83,5.96,11.44,16.65,333.0,30,60,5,6,1
2015-01-26,129.34,137.86,25.66,6.78,10.19,18.18,292.0,30,60,5,0,1
2015-01-27,154.2,217.2,30.39,6.42,10.36,17.11,318.0,30,60,5,1,1
2015-01-28,134.6,156.9,28.6,5.21,10.21,15.23,295.0,30,60,5,2,1
2015-01-29,173.13,277.0,38.34,5.53,11.74,16.29,327.0,30,60,5,3,1
2015-01-30,178.04,272.61,38.43,6.43,11.58,14.91,345.0,30,60,5,4,1
2015-01-31,158.59,207.06,41.36,5.03,8.7,17.51,334.0,30,60,5,5,1
2015-02-01,211.59,371.05,58.17,9.9,13.08,23.28,358.0,30,60,5,6,2
2015-02-02,163.64,219.84,37.25,5.31,10.59,28.38,349.0,30,60,5,0,2
2015-02-03,157.71,194.09,31.05,5.64,8.21,28.56,334.0,30,60,5,1,2
2015-02-04,137.26,147.08,29.69,5.06,9.11,15.07,313.0,30,60,5,2,2
2015-02-05,131.76,127.42,36.51,4.85,8.18,21.7,262.0,30,60,5,3,2
2015-02-06,151.6,330.99,67.0,9.13,5.51,33.92,303.0,30,60,5,4,2
2015-02-07,160.75,210.52,57.69,6.91,10.28,43.44,329.0,30,60,5,5,2
2015-02-08,145.34,215.69,50.39,8.66,5.39,30.43,323.0,30,60,5,6,2
2015-02-09,134.67,109.86,39.18,9.7,5.11,20.62,266.0,30,60,5,0,2
2015-02-10,153.07,218.23,42.2,5.81,10.88,19.02,319.0,30,60,5,1,2
2015-02-11,116.91,316.14,53.63,7.54,12.64,27.17,334.0,30,60,5,2,2
2015-02-12,177.98,394.97,42.73,9.2,13.75,25.58,342.0,30,60,5,3,2
2015-02-13,167.01,328.43,44.61,7.77,11.26,27.62,341.0,30,60,5,4,2
2015-02-14,193.96,412.46,53.81,9.36,11.73,34.22,377.0,30,60,5,5,2
2015-02-15,184.06,497.37,58.15,9.13,13.78,40.91,391.0,30,60,5,6,2
2015-02-16,152.62,310.74,44.22,6.79,11.55,34.36,358.0,30,60,5,0,2
2015-02-17,161.27,195.78,25.4,5.6,10.3,41.62,327.0,30,60,5,1,2
2015-02-18,188.2,253.53,60.29,8.65,16.23,36.54,365.0,30,60,5,2,2
2015-02-19,159.97,193.78,40.51,5.08,13.11,31.88,352.0,30,60,5,3,2
2015-02-20,144.12,162.2,34.71,5.93,11.45,31.61,317.0,30,60,5,4,2
2015-02-21,155.38,191.03,45.11,12.24,14.21,30.11,320.0,30,60,5,5,2
2015-02-22,124.1,107.61,31.83,5.68,9.73,27.19,279.0,30,60,5,6,2
2015-02-23,141.39,157.01,38.23,9.43,9.29,36.86,281.0,30,60,5,0,2
2015-02-24,170.16,238.33,48.4,9.28,14.17,37.39,354.0,30,60,5,1,2
2015-02-25,148.19,169.57,29.28,5.94,14.13,31.57,340.0,30,60,5,2,2
2015-02-26,140.78,171.64,20.95,6.98,13.61,28.72,323.0,30,60,5,3,2
2015-02-27,130.42,163.67,24.75,12.12,12.78,34.08,315.0,30,60,5,4,2
2015-02-28,105.86,169.28,20.65,12.48,11.8,41.38,310.0,30,60,5,5,2
2015-03-01,71.83,98.89,21.42,10.99,11.62,22.51,324.0,30,60,5,6,3
2015-03-02,53.71,60.15,13.43,3.21,10.19,22.08,226.0,30,60,5,0,3
2015-03-03,83.49,112.1,23.75,5.07,11.72,20.83,266.0,30,60,5,1,3
2015-03-04,91.07,139.15,24.28,4.68,10.64,25.83,200.0,30,60,5,2,3
2015-03-05,106.57,196.19,31.12,5.97,9.36,32.88,275.0,30,60,5,3,3
2015-03-06,101.75,163.14,26.59,5.96,10.55,33.67,322.0,30,60,5,4,3
2015-03-07,77.57,90.54,19.15,5.18,9.48,23.09,216.0,30,60,5,5,3
2015-03-08,63.24,80.2,20.35,3.98,8.19,20.71,108.0,30,60,5,6,3
2015-03-09,76.62,117.38,18.21,4.2,9.02,22.85,197.0,30,60,5,0,3
2015-03-10,86.7,150.92,18.82,3.84,7.98,25.87,238.0,30,60,5,1,3
2015-03-11,104.29,176.2,25.63,6.3,10.76,29.62,274.0,30,60,5,2,3
2015-03-12,115.93,203.75,32.29,7.03,11.3,35.05,315.0,30,60,5,3,3
2015-03-13,108.66,173.89,30.75,10.65,10.23,34.05,307.0,30,60,5,4,3
2015-03-14,67.94,105.29,29.78,10.14,9.18,23.39,208.0,30,60,5,5,3
2015-03-15,38.89,46.68,17.76,4.25,8.23,22.0,165.0,30,60,5,6,3
2015-03-16,45.39,74.14,17.14,8.8,7.87,25.55,188.0,30,60,5,0,3
2015-03-17,55.55,104.33,20.96,7.19,10.45,23.11,217.0,30,60,5,1,3
2015-03-18,50.59,95.56,16.6,3.6,7.83,27.5,191.0,30,60,5,2,3
2015-03-19,69.51,136.67,23.77,4.97,7.89,27.07,240.0,30,60,5,3,3
2015-03-20,96.62,168.0,29.04,6.66,9.59,29.01,229.0,30,60,5,4,3
2015-03-21,96.28,172.91,29.21,7.31,8.82,25.97,248.0,30,60,5,5,3
2015-03-22,72.2,122.12,20.27,4.4,8.5,25.48,204.0,30,60,5,6,3
2015-03-23,78.47,131.42,23.04,4.07,8.6,27.1,271.0,30,60,5,0,3
2015-03-24,91.87,179.36,30.01,7.35,10.1,34.78,290.0,30,60,5,1,3
2015-03-25,107.26,201.08,33.82,11.82,11.69,45.78,340.0,30,60,5,2,3
2015-03-26,109.78,217.9,33.02,9.3,12.67,40.0,358.0,30,60,5,3,3
2015-03-27,62.27,117.81,24.76,10.91,9.29,31.08,287.0,30,60,5,4,3
2015-03-28,102.22,212.96,29.41,17.16,10.47,40.23,323.0,30,60,5,5,3
2015-03-29,104.36,202.01,33.86,16.92,14.42,32.84,360.0,30,60,5,6,3
2015-03-30,44.19,57.0,17.6,7.75,9.58,26.81,268.0,30,60,5,0,3
2015-03-31,55.66,78.64,20.13,9.34,9.56,34.15,283.0,30,60,5,1,3
2015-04-01,112.86,167.6,32.71,19.48,10.15,38.45,309.0,30,60,5,2,4
2015-04-02,78.51,112.78,20.54,14.37,6.72,35.54,249.0,30,60,5,3,4
2015-04-03,66.52,76.05,18.47,10.62,8.24,24.85,245.0,30,60,5,4,4
2015-04-04,62.56,86.11,24.96,12.94,5.52,27.98,229.0,30,60,5,5,4
2015-04-05,78.61,145.1,27.75,16.72,7.97,40.79,234.0,30,60,5,6,4
2015-04-06,119.7,195.47,32.83,16.63,11.01,30.32,343.0,30,60,5,0,4
2015-04-07,66.09,95.81,24.47,8.34,7.29,43.23,262.0,30,60,5,1,4
2015-04-08,95.34,120.2,34.72,17.99,9.28,61.68,308.0,30,60,5,2,4
2015-04-09,63.57,148.17,35.15,10.48,6.57,35.18,293.0,30,60,5,3,4
2015-04-10,96.56,203.67,52.77,15.8,4.63,59.88,290.0,30,60,5,4,4
2015-04-11,131.39,234.65,59.52,21.5,5.84,73.72,375.0,30,60,5,5,4
2015-04-12,75.35,91.73,45.3,13.08,7.73,49.21,293.0,30,60,5,6,4
2015-04-13,86.49,116.62,50.3,14.99,3.67,62.52,247.0,30,60,5,0,4
2015-04-14,77.07,132.68,42.65,14.04,6.85,55.44,232.0,30,60,5,1,4
2015-04-15,98.79,161.43,47.41,13.75,11.65,31.14,316.0,30,60,5,2,4
2015-04-16,81.81,164.56,44.06,21.44,5.94,59.29,295.0,30,60,5,3,4
2015-04-17,65.78,180.67,40.09,14.34,7.38,54.47,246.0,30,60,5,4,4
2015-04-18,119.82,268.65,51.11,17.21,8.21,65.72,378.0,30,60,5,5,4
2015-04-19,125.53,308.82,64.73,18.02,8.84,65.08,406.0,30,60,5,6,4
2015-04-20,121.51,336.63,60.41,20.98,6.75,87.04,392.0,30,60,5,0,4
2015-04-21,114.5,327.81,50.7,19.38,6.84,74.49,391.0,30,60,5,1,4
2015-04-22,101.83,279.41,55.27,19.29,7.36,69.41,368.0,30,60,5,2,4
2015-04-23,118.57,273.68,76.46,21.81,6.58,76.14,365.0,30,60,5,3,4
2015-04-24,143.22,313.53,88.61,26.89,6.42,89.42,383.0,30,60,5,4,4
2015-04-25,106.76,318.88,58.87,17.56,6.75,93.54,367.0,30,60,5,5,4
2015-04-26,65.36,160.3,31.23,12.67,8.44,77.43,334.0,30,60,5,6,4
2015-04-27,67.08,174.5,35.54,11.92,4.76,70.74,258.0,30,60,5,0,4
2015-04-28,81.37,141.25,34.88,13.97,4.67,70.42,234.0,30,60,5,1,4
2015-04-29,63.76,131.56,42.98,13.98,7.16,61.86,257.0,30,60,5,2,4
2015-04-30,60.56,171.42,43.9,12.85,7.33,60.18,259.0,30,60,5,3,4
2015-05-01,76.1,192.81,42.99,13.1,7.63,53.16,279.0,30,60,5,4,5
2015-05-02,72.66,206.1,62.09,16.16,9.46,43.06,312.0,30,60,5,5,5
2015-05-03,121.94,334.02,83.3,19.43,11.95,41.71,372.0,30,60,5,6,5
2015-05-04,108.98,326.71,85.5,17.53,8.08,37.7,387.0,30,60,5,0,5
2015-05-05,145.99,366.85,107.85,26.0,6.65,50.27,408.0,30,60,5,1,5
2015-05-06,171.33,346.98,87.88,25.26,7.1,92.66,398.0,30,60,5,2,5
2015-05-07,117.76,343.12,63.18,24.63,9.64,75.6,403.0,30,60,5,3,5
2015-05-08,90.66,305.38,56.54,20.79,6.65,74.84,361.0,30,60,5,4,5
2015-05-09,106.4,285.38,63.57,18.15,9.35,76.38,378.0,30,60,5,5,5
2015-05-10,101.21,283.47,57.51,16.92,10.6,67.97,381.0,30,60,5,6,5
2015-05-11,97.57,336.82,42.7,15.11,8.79,87.93,388.0,30,60,5,0,5
2015-05-12,96.34,293.26,43.04,10.84,6.27,83.43,346.0,30,60,5,1,5
2015-05-13,83.42,174.52,48.61,9.08,8.14,55.62,328.0,30,60,5,2,5
2015-05-14,78.06,196.08,42.22,10.42,7.24,57.1,291.0,30,60,5,3,5
2015-05-15,97.87,240.34,63.55,15.02,10.81,77.87,396.0,30,60,5,4,5
2015-05-16,77.52,186.28,75.5,15.03,6.17,73.24,297.0,30,60,5,5,5
2015-05-17,97.16,188.39,57.63,20.15,8.4,70.29,345.0,30,60,5,6,5
2015-05-18,66.85,172.35,47.64,15.04,7.46,79.02,296.0,30,60,5,0,5
2015-05-19,89.85,240.31,75.47,14.58,8.04,79.55,319.0,30,60,5,1,5
2015-05-20,67.41,176.25,52.69,20.3,6.11,57.17,282.0,30,60,5,2,5
2015-05-21,75.54,335.13,53.03,14.85,8.25,42.61,352.0,30,60,5,3,5
2015-05-22,67.91,235.99,56.84,14.77,8.32,64.34,338.0,30,60,5,4,5
2015-05-23,69.02,313.73,52.79,10.73,7.06,66.63,321.0,30,60,5,5,5
2015-05-24,79.1,251.52,56.29,18.96,8.56,60.08,295.0,30,60,5,6,5
2015-05-25,117.27,340.66,60.65,11.78,7.66,95.72,344.0,30,60,5,0,5
2015-05-26,96.09,311.08,51.77,9.9,5.25,79.4,337.0,30,60,5,1,5
2015-05-27,84.71,231.35,70.43,17.48,8.54,80.71,355.0,30,60,5,2,5
2015-05-28,182.76,436.17,72.67,14.33,6.89,83.33,371.0,30,60,5,3,5
2015-05-29,106.61,275.6,64.94,12.9,8.48,76.1,414.0,30,60,5,4,5
2015-05-30,92.68,239.12,65.26,17.68,7.59,69.95,366.0,30,60,5,5,5
2015-05-31,73.62,236.8,41.86,13.08,7.12,87.47,346.0,30,60,5,6,5
2015-06-01,49.42,175.39,48.55,9.96,5.03,72.89,289.0,30,60,5,0,6
2015-06-02,52.51,117.86,54.29,6.73,6.67,56.2,297.0,30,60,5,1,6
2015-06-03,65.28,137.7,65.25,6.31,4.98,41.92,268.0,30,60,5,2,6
2015-06-04,85.45,170.55,62.38,5.53,3.83,63.0,259.0,30,60,5,3,6
2015-06-05,83.02,241.67,62.63,4.12,11.36,52.03,327.0,30,60,5,4,6
2015-06-06,44.54,119.29,46.37,7.37,11.94,37.09,384.0,30,60,5,5,6
2015-06-07,85.03,186.2,77.07,9.53,3.51,88.63,299.0,30,60,5,6,6
2015-06-08,137.7,269.3,109.34,10.44,1.56,86.2,282.0,30,60,5,0,6
2015-06-09,136.05,393.7,76.88,8.84,1.38,58.0,442.0,30,60,5,1,6
2015-06-10,63.77,166.31,31.27,5.91,2.58,56.84,309.0,30,60,5,2,6
2015-06-11,115.57,259.73,32.99,6.02,1.24,138.5,270.0,30,60,5,3,6
2015-06-12,83.29,180.06,36.36,5.52,1.19,68.6,239.0,30,60,5,4,6
2015-06-13,73.7,158.24,52.9,5.34,1.36,53.02,214.0,30,60,5,5,6
2015-06-14,74.56,121.44,68.76,5.33,1.35,60.88,166.0,30,60,5,6,6
2015-06-15,106.11,206.42,72.79,6.3,1.62,86.86,234.0,30,60,5,0,6
2015-06-16,132.21,282.05,81.57,6.16,1.73,82.42,331.0,30,60,5,1,6
2015-06-17,123.56,271.79,70.96,6.95,1.57,74.01,327.0,30,60,5,2,6
2015-06-18,132.21,268.84,94.25,9.31,1.82,87.24,313.0,30,60,5,3,6
2015-06-19,110.65,216.46,65.21,7.8,1.38,76.58,284.0,30,60,5,4,6
2015-06-20,80.31,160.22,52.7,10.22,1.29,69.37,239.0,30,60,5,5,6
2015-06-21,59.73,82.7,50.78,6.11,1.59,52.78,149.0,30,60,5,6,6
2015-06-22,85.4,139.2,58.88,6.18,1.34,59.49,172.0,30,60,5,0,6
2015-06-23,101.99,152.18,61.18,7.9,1.41,77.04,226.0,30,60,5,1,6
2015-06-24,126.07,214.45,60.31,8.09,1.37,83.13,261.0,30,60,5,2,6
2015-06-25,37.59,62.38,44.72,7.67,1.25,46.7,188.0,30,60,5,3,6
2015-06-26,76.0,182.48,46.88,6.84,1.04,60.99,192.0,30,60,5,4,6
2015-06-27,69.46,195.2,38.55,7.28,1.01,53.19,207.0,30,60,5,5,6
2015-06-28,79.84,214.78,47.19,7.53,1.13,58.34,219.0,30,60,5,6,6
2015-06-29,48.5,96.78,38.37,7.74,1.07,52.21,193.0,30,60,5,0,6
2015-06-30,53.79,109.92,46.06,9.15,1.05,58.33,170.0,30,60,5,1,6
2015-07-01,57.99,135.43,49.64,8.88,1.06,61.42,185.0,30,60,5,2,7
2015-07-02,67.12,175.9,52.45,6.86,1.12,61.7,220.0,30,60,5,3,7
2015-07-03,65.25,219.31,37.09,8.91,0.99,59.66,225.0,30,60,5,4,7
2015-07-04,88.75,212.16,35.54,7.24,0.98,56.61,250.0,30,60,5,5,7
2015-07-05,135.92,435.2,36.89,6.42,1.17,58.36,282.0,30,60,5,6,7
2015-07-06,60.27,143.86,44.07,7.91,1.1,58.07,298.0,30,60,5,0,7
2015-07-07,52.2,78.64,51.7,7.82,1.34,53.72,175.0,30,60,5,1,7
2015-07-08,67.92,127.38,52.69,7.94,1.17,53.94,217.0,30,60,5,2,7
2015-07-09,65.95,128.93,53.39,7.86,1.4,42.58,234.0,30,60,5,3,7
2015-07-10,47.68,95.1,46.71,8.97,1.26,35.79,188.0,30,60,5,4,7
2015-07-11,29.08,41.31,51.39,8.61,7.23,54.03,253.0,30,60,5,5,7
2015-07-12,32.29,34.16,32.77,7.15,1.27,40.41,198.0,30,60,5,6,7
2015-07-13,36.68,54.36,37.71,8.11,1.3,37.7,148.0,30,60,5,0,7
2015-07-14,44.48,112.83,43.46,8.04,1.3,46.71,141.0,30,60,5,1,7
2015-07-15,63.79,243.97,38.05,9.62,1.07,52.2,218.0,30,60,5,2,7
2015-07-16,77.2,244.69,36.72,10.29,1.02,72.44,268.0,30,60,5,3,7
2015-07-17,77.99,148.95,42.07,12.46,1.88,61.43,232.0,30,60,5,4,7
2015-07-18,71.11,148.87,48.79,10.77,1.84,56.32,204.0,30,60,5,5,7
2015-07-19,67.39,144.11,52.87,10.4,1.28,59.05,220.0,30,60,5,6,7
2015-07-20,49.58,83.22,62.37,10.17,1.24,61.55,223.0,30,60,5,0,7
2015-07-21,40.97,78.76,46.3,12.19,1.14,46.98,218.0,30,60,5,1,7
2015-07-22,38.97,85.89,41.41,20.43,2.73,44.49,165.0,30,60,5,2,7
2015-07-23,34.02,81.25,39.98,16.71,2.42,49.72,155.0,30,60,5,3,7
2015-07-24,46.13,94.49,43.99,16.01,0.98,47.11,154.0,30,60,5,4,7
2015-07-25,46.01,97.0,42.86,15.58,1.0,45.9,184.0,30,60,5,5,7
2015-07-26,29.81,86.01,30.66,15.09,0.81,40.73,150.0,30,60,5,6,7
2015-07-27,22.82,53.28,33.21,12.69,0.83,36.65,125.0,30,60,5,0,7
2015-07-28,24.69,51.98,40.25,7.61,0.74,38.49,160.0,30,60,5,1,7
2015-07-29,29.04,56.7,35.69,9.68,0.66,35.89,142.0,30,60,5,2,7
2015-07-30,25.76,47.91,32.96,9.49,1.2,26.26,181.0,30,60,5,3,7
2015-07-31,37.85,122.18,35.9,9.7,1.6,36.57,196.0,30,60,5,4,7
2015-08-01,41.32,126.33,35.14,10.8,1.08,41.27,181.0,30,60,5,5,8
2015-08-02,47.81,123.24,37.96,10.27,0.82,46.38,213.0,30,60,5,6,8
2015-08-03,56.02,154.28,40.17,8.75,0.78,45.97,175.0,30,60,5,0,8
2015-08-04,54.46,136.88,46.74,9.72,1.21,56.88,184.0,30,60,5,1,8
2015-08-05,59.13,117.08,52.78,10.41,1.67,54.66,228.0,30,60,5,2,8
2015-08-06,65.47,126.56,52.51,10.73,1.17,60.57,214.0,30,60,5,3,8
2015-08-07,64.58,154.92,48.24,10.22,1.75,68.17,254.0,30,60,5,4,8
2015-08-08,70.05,149.92,50.51,7.68,2.26,62.76,258.0,30,60,5,5,8
2015-08-09,55.51,105.17,39.47,5.83,1.24,45.4,244.0,30,60,5,6,8
2015-08-10,82.27,140.54,45.46,6.9,1.43,61.52,209.0,30,60,5,0,8
2015-08-11,77.04,137.74,49.43,6.23,2.11,62.67,283.0,30,60,5,1,8
2015-08-12,52.45,87.66,45.71,6.69,1.3,55.37,223.0,30,60,5,2,8
2015-08-13,61.66,116.55,52.76,9.82,1.16,80.63,205.0,30,60,5,3,8
2015-08-14,65.67,159.75,50.96,10.82,1.52,69.27,252.0,30,60,5,4,8
2015-08-15,51.4,91.81,44.4,10.53,0.94,44.93,198.0,30,60,5,5,8
2015-08-16,55.71,93.33,48.39,10.46,1.06,44.79,197.0,30,60,5,6,8
2015-08-17,61.84,134.2,44.41,11.22,1.09,45.05,184.0,30,60,5,0,8
2015-08-18,60.65,126.2,56.15,12.39,1.02,48.86,197.0,30,60,5,1,8
2015-08-19,34.42,124.17,36.47,9.63,0.87,38.86,140.0,30,60,5,2,8
2015-08-20,40.83,210.86,32.0,11.59,0.78,42.13,232.0,30,60,5,3,8
2015-08-21,50.97,214.05,35.87,12.09,1.12,57.47,271.0,30,60,5,4,8
2015-08-22,46.74,149.06,40.28,9.56,0.9,52.48,207.0,30,60,5,5,8
2015-08-23,44.67,138.12,33.76,9.53,0.78,33.94,127.0,30,60,5,6,8
2015-08-24,37.39,108.4,44.61,10.67,0.97,38.73,123.0,30,60,5,0,8
2015-08-25,52.06,222.39,39.88,9.12,0.93,44.9,175.0,30,60,5,1,8
2015-08-26,57.52,236.94,37.85,9.36,1.08,40.43,245.0,30,60,5,2,8
2015-08-27,61.47,237.68,40.41,10.59,1.35,56.61,248.0,30,60,5,3,8
2015-08-28,77.76,206.22,50.74,11.92,1.64,64.07,247.0,30,60,5,4,8
2015-08-29,68.53,260.48,49.3,11.11,1.09,65.56,292.0,30,60,5,5,8
2015-08-30,57.85,230.76,39.84,10.39,1.11,62.61,266.0,30,60,5,6,8
2015-08-31,51.67,220.14,32.53,12.77,0.96,60.73,288.0,30,60,5,0,8
2015-09-01,73.78,230.34,27.42,10.45,1.28,61.33,210.0,30,60,5,1,9
2015-09-02,97.63,318.24,29.16,10.79,1.14,72.47,298.0,30,60,5,2,9
2015-09-03,99.5,278.36,35.31,9.82,1.17,72.94,315.0,30,60,5,3,9
2015-09-04,97.31,284.54,41.7,14.94,1.36,71.5,368.0,30,60,5,4,9
2015-09-05,76.43,201.89,29.5,16.93,1.38,56.59,266.0,30,60,5,5,9
2015-09-06,61.69,168.63,27.81,16.71,1.19,49.32,174.0,30,60,5,6,9
2015-09-07,55.19,179.42,35.49,12.97,1.04,52.24,199.0,30,60,5,0,9
2015-09-08,63.79,219.51,38.36,10.92,1.07,61.95,217.0,30,60,5,1,9
2015-09-09,58.48,195.05,36.2,11.57,1.02,68.21,238.0,30,60,5,2,9
2015-09-10,60.29,184.78,42.1,11.53,1.06,68.49,230.0,30,60,5,3,9
2015-09-11,67.35,181.99,46.81,10.98,1.13,68.81,218.0,30,60,5,4,9
2015-09-12,87.55,178.57,54.45,10.51,1.22,69.36,226.0,30,60,5,5,9
2015-09-13,84.57,171.76,45.36,9.91,1.21,64.05,202.0,30,60,5,6,9
2015-09-14,111.58,236.34,60.71,10.43,1.51,79.29,274.0,30,60,5,0,9
2015-09-15,108.78,217.16,56.31,10.4,1.37,75.63,289.0,30,60,5,1,9
2015-09-16,91.18,190.99,46.44,9.27,1.15,69.61,235.0,30,60,5,2,9
2015-09-17,104.85,250.21,60.96,11.68,1.4,85.86,285.0,30,60,5,3,9
2015-09-18,56.19,129.11,43.3,10.85,1.22,48.8,209.0,30,60,5,4,9
2015-09-19,67.62,125.24,49.83,9.75,1.14,51.78,132.0,30,60,5,5,9
2015-09-20,64.38,141.89,62.73,9.27,1.1,58.49,179.0,30,60,5,6,9
2015-09-21,45.65,109.7,62.69,13.55,1.16,48.02,136.0,30,60,5,0,9
2015-09-22,35.75,70.38,38.78,11.57,0.95,39.83,104.0,30,60,5,1,9
2015-09-23,34.89,101.42,31.17,12.34,0.98,37.26,95.0,30,60,5,2,9
2015-09-24,63.06,187.9,39.16,13.26,1.21,48.78,175.0,30,60,5,3,9
2015-09-25,82.39,222.71,45.09,11.8,1.5,53.1,290.0,30,60,5,4,9
2015-09-26,88.08,254.8,45.96,11.17,1.63,54.87,282.0,30,60,5,5,9
2015-09-27,89.75,252.06,44.13,9.76,1.49,68.69,298.0,30,60,5,6,9
2015-09-28,69.57,190.18,43.41,10.38,1.25,53.82,240.0,30,60,5,0,9
2015-09-29,68.34,172.35,48.19,10.68,1.16,54.68,188.0,30,60,5,1,9
2015-09-30,61.08,155.26,42.91,9.59,1.1,52.91,187.0,30,60,5,2,9
2015-10-01,85.7,205.18,54.68,11.42,1.49,60.57,230.0,30,60,5,3,10
2015-10-02,97.62,220.56,52.53,9.77,1.58,64.01,286.0,30,60,5,4,10
2015-10-03,103.58,293.23,54.93,11.41,1.72,47.52,266.0,30,60,5,5,10
2015-10-04,145.97,335.82,62.84,15.08,2.26,44.92,369.0,30,60,5,6,10
2015-10-05,180.52,347.95,75.42,17.32,3.15,45.8,375.0,30,60,5,0,10
2015-10-06,151.57,355.56,65.07,11.35,2.19,42.22,411.0,30,60,5,1,10
2015-10-07,144.04,305.35,57.05,11.15,1.73,49.32,383.0,30,60,5,2,10
2015-10-08,148.44,291.66,58.32,12.13,1.96,66.62,388.0,30,60,5,3,10
2015-10-09,130.22,284.27,65.15,15.27,2.5,63.16,351.0,30,60,5,4,10
2015-10-10,147.71,287.93,61.29,13.94,2.48,58.24,320.0,30,60,5,5,10
2015-10-11,111.34,246.3,51.83,12.01,2.02,62.02,296.0,30,60,5,6,10
2015-10-12,100.7,232.58,52.92,14.75,1.98,65.55,312.0,30,60,5,0,10
2015-10-13,97.67,189.31,48.92,11.84,1.89,73.28,260.0,30,60,5,1,10
2015-10-14,75.81,155.25,43.47,10.89,1.61,67.89,204.0,30,60,5,2,10
2015-10-15,95.24,199.77,60.8,10.84,2.13,77.91,218.0,30,60,5,3,10
2015-10-16,148.29,301.61,68.24,11.98,2.07,84.74,356.0,30,60,5,4,10
2015-10-17,90.66,137.89,20.29,7.56,1.62,44.21,388.0,30,60,5,5,10
2015-10-18,156.71,263.15,41.09,10.14,1.63,71.1,298.0,30,60,5,6,10
2015-10-19,170.28,312.88,61.67,16.24,2.08,92.96,392.0,30,60,5,0,10
2015-10-20,198.1,336.47,74.62,16.73,2.17,101.74,428.0,30,60,5,1,10
2015-10-21,158.04,265.39,46.9,15.64,2.98,79.5,384.0,30,60,5,2,10
2015-10-22,116.98,213.49,32.96,13.27,2.6,48.74,292.0,30,60,5,3,10
2015-10-23,143.73,289.01,67.38,21.35,2.05,69.55,343.0,30,60,5,4,10
2015-10-24,169.22,341.7,71.38,18.2,3.07,47.92,383.0,30,60,5,5,10
2015-10-25,147.65,281.8,56.46,13.81,1.78,65.83,374.0,30,60,5,6,10
2015-10-26,101.61,214.37,47.8,20.57,1.58,85.73,263.0,30,60,5,0,10
2015-10-27,113.2,260.46,49.25,21.2,1.74,63.88,334.0,30,60,5,1,10
2015-10-28,112.89,254.24,43.78,18.61,2.07,71.98,333.0,30,60,5,2,10
2015-10-29,95.72,183.08,57.74,24.29,1.89,73.26,262.0,30,60,5,3,10
2015-10-30,108.4,156.58,42.63,18.92,2.29,60.56,236.0,30,60,5,4,10
2015-10-31,245.97,274.06,35.11,17.66,1.74,42.32,340.0,30,60,5,5,10
2015-11-01,277.53,379.38,60.17,28.58,2.41,84.99,415.0,30,60,5,6,11
2015-11-02,232.4,361.0,68.4,31.66,2.05,136.67,420.0,30,60,5,0,11
2015-11-03,244.78,385.66,82.74,29.19,2.09,99.91,407.0,30,60,5,1,11
2015-11-04,293.49,401.49,87.47,31.58,2.54,114.43,454.0,30,60,5,2,11
2015-11-05,161.78,234.94,63.78,21.21,1.76,75.71,388.0,30,60,5,3,11
2015-11-06,153.33,260.04,58.13,20.9,2.56,69.95,276.0,30,60,5,4,11
2015-11-07,353.86,496.61,86.59,19.96,2.76,107.69,483.0,30,60,5,5,11
2015-11-08,217.55,356.92,75.98,31.77,2.84,103.4,451.0,30,60,5,6,11
2015-11-09,201.44,364.2,79.2,40.75,2.01,108.12,378.0,30,60,5,0,11
2015-11-10,249.95,452.96,84.89,33.72,2.64,115.45,439.0,30,60,5,1,11
2015-11-11,219.68,408.52,55.72,25.96,1.5,89.58,431.0,30,60,5,2,11
2015-11-12,258.48,398.16,54.69,28.58,1.84,75.26,421.0,30,60,5,3,11
2015-11-13,291.66,469.38,61.66,21.15,1.75,101.14,454.0,30,60,5,4,11
2015-11-14,221.68,377.4,60.05,21.27,1.72,90.08,450.0,30,60,5,5,11
2015-11-15,214.24,342.13,83.62,22.68,2.1,101.15,367.0,30,60,5,6,11
2015-11-16,184.02,323.56,85.03,21.27,2.26,94.79,383.0,30,60,5,0,11
2015-11-17,136.22,280.47,57.11,17.53,2.1,71.44,347.0,30,60,5,1,11
2015-11-18,188.09,367.46,74.39,21.78,2.3,86.88,369.0,30,60,5,2,11
2015-11-19,238.69,397.16,96.62,25.59,2.87,101.68,392.0,30,60,5,3,11
2015-11-20,271.42,470.08,101.44,26.81,3.28,124.74,455.0,30,60,5,4,11
2015-11-21,293.73,467.32,97.76,23.06,2.96,114.3,450.0,30,60,5,5,11
2015-11-22,247.27,450.96,92.32,20.77,2.73,116.29,478.0,30,60,5,6,11
2015-11-23,266.95,419.98,105.29,24.92,3.49,132.26,431.0,30,60,5,0,11
2015-11-24,241.61,424.09,88.74,19.65,2.6,113.35,440.0,30,60,5,1,11
2015-11-25,149.14,312.85,54.63,15.97,1.98,81.11,376.0,30,60,5,2,11
2015-11-26,182.5,317.46,69.29,21.35,1.84,93.71,347.0,30,60,5,3,11
2015-11-27,193.58,343.26,71.35,19.49,1.71,90.46,343.0,30,60,5,4,11
2015-11-28,172.89,294.29,47.21,17.09,1.43,70.51,362.0,30,60,5,5,11
2015-11-29,190.46,342.59,51.84,20.73,1.88,67.97,319.0,30,60,5,6,11
2015-11-30,282.76,419.33,78.48,24.51,2.51,131.34,425.0,30,60,5,0,11
2015-12-01,183.28,371.83,83.03,16.48,1.77,93.52,400.0,30,60,5,1,12
2015-12-02,170.74,399.64,95.99,19.04,1.87,88.0,386.0,30,60,5,2,12
2015-12-03,190.14,412.29,92.91,19.24,1.74,86.19,385.0,30,60,5,3,12
2015-12-04,186.64,352.14,79.52,20.76,2.28,88.93,392.0,30,60,5,4,12
2015-12-05,282.01,433.03,121.11,31.36,3.4,129.79,428.0,30,60,5,5,12
2015-12-06,218.22,439.01,113.45,34.05,3.24,122.22,394.0,30,60,5,6,12
2015-12-07,249.8,421.49,103.77,22.34,3.07,103.29,440.0,30,60,5,0,12
2015-12-08,283.59,478.19,140.09,23.41,3.33,139.79,437.0,30,60,5,1,12
2015-12-09,250.69,411.48,93.99,21.72,2.74,131.99,431.0,30,60,5,2,12
2015-12-10,211.95,386.66,78.05,22.11,2.46,123.11,383.0,30,60,5,3,12
2015-12-11,198.38,410.6,64.21,18.41,2.1,119.41,377.0,30,60,5,4,12
2015-12-12,184.12,385.05,55.01,16.09,1.91,122.43,379.0,30,60,5,5,12
2015-12-13,135.42,338.3,63.9,18.89,2.01,101.58,333.0,30,60,5,6,12
2015-12-14,118.6,380.24,59.09,13.66,2.7,79.22,314.0,30,60,5,0,12
2015-12-15,88.3,391.9,40.52,14.88,1.86,25.23,174.0,30,60,5,1,12
2015-12-16,111.45,391.9,34.44,14.56,1.75,38.16,244.0,30,60,5,2,12
2015-12-17,152.24,391.9,23.07,19.41,1.89,29.89,308.0,30,60,5,3,12
2015-12-18,136.75,391.9,25.24,19.87,1.52,20.82,320.0,30,60,5,4,12
2015-12-19,114.35,391.9,26.84,13.17,1.94,33.06,270.0,30,60,5,5,12
2015-12-20,181.67,391.9,111.18,18.97,21.22,20.58,320.0,30,60,5,6,12
2015-12-21,135.78,391.9,78.99,15.59,29.46,20.57,313.0,30,60,5,0,12
2015-12-22,204.72,391.9,136.15,23.64,11.45,57.16,326.0,30,60,5,1,12
2015-12-23,321.52,589.93,102.69,22.66,2.94,111.69,459.0,30,60,5,2,12
2015-12-24,129.08,486.66,55.01,13.43,30.44,32.42,314.0,30,60,5,3,12
2015-12-25,132.56,294.13,71.91,17.57,9.61,75.29,304.0,30,60,5,4,12
2015-12-26,158.69,331.93,88.96,21.02,10.3,88.64,310.0,30,60,5,5,12
2015-12-27,187.01,375.13,90.57,21.41,11.3,98.88,370.0,30,60,5,6,12
2015-12-28,148.77,332.68,75.69,20.34,9.27,85.96,328.0,30,60,5,0,12
2015-12-29,159.67,325.05,73.11,21.23,2.32,82.69,331.0,30,60,5,1,12
2015-12-30,233.97,391.19,87.4,22.31,1.94,94.75,412.0,30,60,5,2,12
2015-12-31,240.97,389.18,72.93,24.08,2.38,87.26,433.0,30,60,5,3,12
2016-01-01,295.71,476.09,94.04,23.57,2.42,108.14,463.0,30,60,5,4,1
2016-01-02,239.21,395.29,81.22,23.33,2.15,90.45,465.0,30,60,5,5,1
2016-01-03,270.1,484.82,76.67,19.94,2.39,97.03,426.0,30,60,5,6,1
2016-01-04,339.8,586.2,133.95,27.9,2.97,91.2,496.0,30,60,5,0,1
2016-01-05,318.1,535.3,118.81,30.24,2.85,131.4,528.0,30,60,5,1,1
2016-01-06,305.51,524.01,103.78,25.78,3.37,135.04,538.0,30,60,5,2,1
2016-01-07,391.54,587.23,96.36,26.47,3.39,186.07,535.0,30,60,5,3,1
2016-01-08,339.87,540.86,67.85,14.19,2.34,150.8,603.0,30,60,5,4,1
2016-01-09,158.43,324.64,60.63,17.94,2.38,100.54,408.0,30,60,5,5,1
2016-01-10,183.24,345.68,68.86,24.96,2.14,130.02,368.0,30,60,5,6,1
2016-01-11,227.13,411.6,76.4,23.98,2.88,140.72,404.0,30,60,5,0,1
2016-01-12,195.21,381.19,78.61,24.06,2.06,131.63,444.0,30,60,5,1,1
2016-01-13,248.59,399.59,73.18,16.73,1.62,95.93,356.0,30,60,5,2,1
2016-01-14,196.87,339.06,55.91,11.82,1.35,97.98,397.0,30,60,5,3,1
2016-01-15,178.8,259.53,45.85,10.86,1.39,81.66,371.0,30,60,5,4,1
2016-01-16,138.86,220.21,41.92,11.25,1.55,67.4,311.0,30,60,5,5,1
2016-01-17,179.48,268.5,58.56,15.89,1.45,78.01,321.0,30,60,5,6,1
2016-01-18,269.05,451.43,78.22,15.42,2.4,107.94,424.0,30,60,5,0,1
2016-01-19,278.2,430.74,61.04,12.59,3.82,104.61,435.0,30,60,5,1,1
2016-01-20,272.1,415.38,56.67,14.75,1.84,100.12,455.0,30,60,5,2,1
2016-01-21,196.83,318.08,52.83,11.99,1.68,91.52,398.0,30,60,5,3,1
2016-01-22,290.66,418.92,73.9,17.13,1.94,136.52,399.0,30,60,5,4,1
2016-01-23,294.3,480.0,78.21,16.81,2.13,147.56,469.0,30,60,5,5,1
2016-01-24,303.5,446.28,64.55,14.74,2.6,132.54,488.0,30,60,5,6,1
2016-01-25,217.05,362.08,66.89,16.09,1.32,103.53,401.0,30,60,5,0,1
2016-01-26,308.75,462.91,80.14,17.97,1.7,139.27,446.0,30,60,5,1,1
2016-01-27,255.94,424.11,87.93,17.09,2.03,142.54,456.0,30,60,5,2,1
2016-01-28,283.03,463.03,90.45,23.63,2.09,151.6,451.0,30,60,5,3,1
2016-01-29,311.08,498.38,117.07,29.99,2.54,175.04,501.0,30,60,5,4,1
2016-01-30,285.83,450.72,111.19,27.94,2.54,157.74,505.0,30,60,5,5,1
2016-01-31,242.05,291.16,46.17,12.4,1.77,75.74,437.0,30,60,5,6,1
2016-02-01,121.4,193.5,60.12,16.33,1.08,90.99,305.0,30,60,5,0,2
2016-02-02,135.31,242.87,63.6,19.08,1.14,94.8,292.0,30,60,5,1,2
2016-02-03,136.87,273.78,61.81,24.23,1.11,95.15,306.0,30,60,5,2,2
2016-02-04,130.76,269.21,67.45,23.7,1.47,85.13,300.0,30,60,5,3,2
2016-02-05,206.72,383.25,86.15,30.2,1.82,121.22,371.0,30,60,5,4,2
2016-02-06,224.94,348.14,85.86,26.22,2.6,149.67,408.0,30,60,5,5,2
2016-02-07,170.45,249.91,72.61,20.74,1.28,95.23,343.0,30,60,5,6,2
2016-02-08,119.57,186.86,57.0,19.21,1.26,74.61,301.0,30,60,5,0,2
2016-02-09,181.76,261.7,65.45,19.53,1.46,106.92,322.0,30,60,5,1,2
2016-02-10,216.55,341.38,81.98,21.61,2.02,129.76,368.0,30,60,5,2,2
2016-02-11,150.0,270.49,70.99,21.25,1.88,93.1,349.0,30,60,5,3,2
2016-02-12,146.03,296.27,79.43,26.86,1.56,117.2,334.0,30,60,5,4,2
2016-02-13,110.89,228.81,56.05,20.94,2.14,101.47,333.0,30,60,5,5,2
2016-02-14,103.57,177.49,61.73,29.71,1.11,89.22,257.0,30,60,5,6,2
2016-02-15,115.7,219.52,66.8,27.44,1.88,93.47,265.0,30,60,5,0,2
2016-02-16,123.22,216.09,65.75,29.19,1.25,95.46,297.0,30,60,5,1,2
2016-02-17,135.38,236.15,80.76,37.35,1.36,89.38,289.0,30,60,5,2,2
2016-02-18,148.75,217.16,76.11,26.28,1.41,90.48,310.0,30,60,5,3,2
2016-02-19,207.1,307.38,66.45,32.25,1.76,108.89,366.0,30,60,5,4,2
2016-02-20,150.89,225.66,47.72,20.15,1.48,84.64,345.0,30,60,5,5,2
2016-02-21,76.12,137.44,30.51,10.43,1.0,73.2,228.0,30,60,5,6,2
2016-02-22,88.73,137.44,41.47,20.79,1.02,75.96,213.0,30,60,5,0,2
2016-02-23,86.17,194.61,56.77,21.27,1.41,95.32,208.0,30,60,5,1,2
2016-02-24,177.64,309.47,117.04,50.44,2.07,200.41,319.0,30,60,5,2,2
2016-02-25,131.69,232.45,81.93,21.19,1.6,97.56,315.0,30,60,5,3,2
2016-02-26,129.66,236.27,76.82,21.44,1.63,115.84,293.0,30,60,5,4,2
2016-02-27,144.98,245.96,86.59,24.43,1.78,117.3,342.0,30,60,5,5,2
2016-02-28,163.92,263.73,76.43,21.63,1.98,130.99,338.0,30,60,5,6,2
2016-02-29,170.12,255.34,76.4,17.63,1.99,137.57,344.0,30,60,5,0,2
2016-03-01,213.62,299.88,102.02,25.49,2.43,138.3,370.0,30,60,5,1,3
2016-03-02,175.63,244.58,102.23,25.53,1.94,157.07,365.0,30,60,5,2,3
2016-03-03,165.22,264.31,100.71,33.45,2.61,113.89,348.0,30,60,5,3,3
2016-03-04,115.55,201.71,60.47,16.6,1.36,103.88,312.0,30,60,5,4,3
2016-03-05,53.0,129.37,48.15,19.05,0.73,84.88,214.0,30,60,5,5,3
2016-03-06,47.43,60.61,55.78,15.1,0.86,81.26,165.0,30,60,5,6,3
2016-03-07,98.61,167.78,54.69,20.44,1.28,82.97,218.0,30,60,5,0,3
2016-03-08,84.42,134.81,43.9,26.24,1.07,61.83,230.0,30,60,5,1,3
2016-03-09,109.16,164.84,49.75,31.56,1.16,66.4,248.0,30,60,5,2,3
2016-03-10,129.9,240.67,60.19,26.69,1.57,92.04,276.0,30,60,5,3,3
2016-03-11,85.76,204.96,30.44,9.58,1.69,36.99,213.0,30,60,5,4,3
2016-03-12,60.17,79.14,15.89,8.04,2.0,31.91,127.0,30,60,5,5,3
2016-03-13,58.95,79.14,10.63,7.25,1.43,66.25,112.0,30,60,5,6,3
2016-03-14,51.82,79.14,38.11,18.53,1.22,55.08,111.0,30,60,5,0,3
2016-03-15,81.32,162.38,34.54,20.36,1.74,77.88,193.0,30,60,5,1,3
2016-03-16,67.63,152.46,36.61,17.04,1.14,48.58,123.0,30,60,5,2,3
2016-03-17,70.86,137.98,65.89,21.48,1.12,73.05,194.0,30,60,5,3,3
2016-03-18,72.47,133.3,64.64,27.7,1.24,70.45,186.0,30,60,5,4,3
2016-03-19,103.73,194.95,77.89,30.74,2.2,56.49,242.0,30,60,5,5,3
2016-03-20,95.52,167.64,57.84,20.52,1.56,97.74,267.0,30,60,5,6,3
2016-03-21,58.4,129.21,36.37,15.98,1.14,65.16,207.0,30,60,5,0,3
2016-03-22,47.43,139.62,31.12,13.54,0.96,70.69,176.0,30,60,5,1,3
2016-03-23,80.01,148.1,50.45,22.15,1.29,84.89,189.0,30,60,5,2,3
2016-03-24,156.01,228.19,88.44,24.44,2.18,169.36,341.0,30,60,5,3,3
2016-03-25,137.99,217.03,85.91,32.84,2.1,142.38,325.0,30,60,5,4,3
2016-03-26,72.44,122.24,42.51,23.86,1.1,66.2,259.0,30,60,5,5,3
2016-03-27,61.75,54.0,37.18,18.09,0.74,66.87,178.0,30,60,5,6,3
2016-03-28,81.46,110.31,53.01,25.75,1.04,77.27,219.0,30,60,5,0,3
2016-03-29,89.75,156.89,48.72,42.34,1.28,67.87,206.0,30,60,5,1,3
2016-03-30,88.68,163.7,46.74,36.91,1.35,47.01,221.0,30,60,5,2,3
2016-03-31,127.86,218.3,61.21,19.64,2.2,62.15,298.0,30,60,5,3,3
2016-04-01,130.7,217.84,15.89,12.78,1.39,29.69,316.0,30,60,5,4,4
2016-04-02,118.44,217.84,18.29,16.35,1.88,29.38,294.0,30,60,5,5,4
2016-04-03,148.22,217.84,44.98,27.44,1.68,69.66,314.0,30,60,5,6,4
2016-04-04,132.86,377.61,31.55,20.54,1.51,63.44,334.0,30,60,5,0,4
2016-04-05,97.83,174.11,20.15,18.86,1.38,28.8,261.0,30,60,5,1,4
2016-04-06,91.82,202.91,52.54,31.06,1.4,37.04,208.0,30,60,5,2,4
2016-04-07,129.61,329.68,58.6,35.57,1.22,32.33,289.0,30,60,5,3,4
2016-04-08,89.78,193.14,53.55,48.86,1.52,34.75,216.0,30,60,5,4,4
2016-04-09,166.76,272.67,63.03,46.97,1.51,47.93,314.0,30,60,5,5,4
2016-04-10,107.81,154.18,47.95,35.24,1.77,31.6,262.0,30,60,5,6,4
2016-04-11,81.12,246.86,36.5,22.66,0.72,61.02,257.0,30,60,5,0,4
2016-04-12,74.03,201.81,35.44,17.85,0.71,58.47,235.0,30,60,5,1,4
2016-04-13,74.9,247.61,46.29,25.16,1.11,58.74,239.0,30,60,5,2,4
2016-04-14,94.81,220.48,58.81,26.21,1.32,75.75,239.0,30,60,5,3,4
2016-04-15,137.48,285.18,76.2,37.57,1.98,85.91,302.0,30,60,5,4,4
2016-04-16,124.13,283.02,37.49,14.84,1.88,35.97,296.0,30,60,5,5,4
2016-04-17,102.86,283.02,42.35,13.34,1.04,66.77,247.0,30,60,5,6,4
2016-04-18,102.9,219.17,49.32,22.15,0.98,81.29,265.0,30,60,5,0,4
2016-04-19,129.06,311.93,63.21,35.73,1.52,98.35,301.0,30,60,5,1,4
2016-04-20,124.8,283.05,48.65,29.16,1.09,97.22,322.0,30,60,5,2,4
2016-04-21,92.74,265.56,42.87,19.87,0.88,103.07,291.0,30,60,5,3,4
2016-04-22,113.75,208.42,44.8,25.63,0.93,110.09,292.0,30,60,5,4,4
2016-04-23,89.52,171.92,50.78,25.65,1.51,87.26,258.0,30,60,5,5,4
2016-04-24,123.59,219.3,69.92,40.96,1.7,87.66,282.0,30,60,5,6,4
2016-04-25,104.5,213.36,70.04,39.91,1.47,87.38,271.0,30,60,5,0,4
2016-04-26,139.37,306.08,97.93,38.53,2.08,86.82,314.0,30,60,5,1,4
2016-04-27,162.54,379.7,108.53,33.53,2.7,87.74,377.0,30,60,5,2,4
2016-04-28,161.23,354.17,80.4,35.7,2.08,117.59,390.0,30,60,5,3,4
2016-04-29,181.49,383.05,88.26,38.0,2.14,56.3,392.0,30,60,5,4,4
2016-04-30,142.64,284.55,51.53,13.83,1.82,59.71,342.0,30,60,5,5,4
2016-05-01,124.21,284.55,52.3,10.98,1.9,74.25,297.0,30,60,5,6,5
2016-05-02,119.47,284.55,41.26,10.0,1.49,70.42,275.0,30,60,5,0,5
2016-05-03,125.36,284.55,59.73,21.42,1.49,101.53,281.0,30,60,5,1,5
2016-05-04,103.08,297.94,61.77,26.13,1.44,91.18,309.0,30,60,5,2,5
2016-05-05,65.02,173.86,46.27,18.35,1.14,79.9,262.0,30,60,5,3,5
2016-05-06,54.34,136.92,55.07,20.23,1.12,65.26,194.0,30,60,5,4,5
2016-05-07,77.89,193.14,66.68,20.15,0.98,75.61,229.0,30,60,5,5,5
2016-05-08,90.19,208.75,64.2,25.25,1.1,81.61,246.0,30,60,5,6,5
2016-05-09,77.34,168.66,48.67,18.97,1.04,79.06,225.0,30,60,5,0,5
2016-05-10,73.55,174.94,57.52,22.26,1.05,68.57,221.0,30,60,5,1,5
2016-05-11,66.49,112.6,52.3,16.32,0.98,61.02,185.0,30,60,5,2,5
2016-05-12,100.09,207.98,64.25,17.95,1.34,76.43,218.0,30,60,5,3,5
2016-05-13,99.88,250.51,60.29,16.54,1.1,95.52,310.0,30,60,5,4,5
2016-05-14,105.51,292.64,67.71,20.49,1.44,86.22,307.0,30,60,5,5,5
2016-05-15,128.85,379.8,57.06,18.7,1.83,56.63,325.0,30,60,5,6,5
2016-05-16,94.89,247.95,58.46,21.19,1.12,62.4,316.0,30,60,5,0,5
2016-05-17,92.95,249.27,62.4,27.34,1.19,89.66,302.0,30,60,5,1,5
2016-05-18,117.64,266.72,80.57,31.96,1.76,105.42,318.0,30,60,5,2,5
2016-05-19,94.22,219.01,67.73,27.98,1.86,85.76,300.0,30,60,5,3,5
2016-05-20,70.86,186.97,52.02,12.82,1.07,77.8,246.0,30,60,5,4,5
2016-05-21,78.02,233.72,48.23,13.08,0.96,107.9,255.0,30,60,5,5,5
2016-05-22,66.3,149.31,53.42,15.3,0.99,101.65,218.0,30,60,5,6,5
2016-05-23,87.31,163.9,45.86,16.69,0.79,93.48,252.0,30,60,5,0,5
2016-05-24,57.35,103.26,43.57,13.46,0.89,75.38,190.0,30,60,5,1,5
2016-05-25,105.02,240.52,50.77,13.98,1.48,126.55,256.0,30,60,5,2,5
2016-05-26,111.22,293.73,48.12,11.79,1.06,160.06,311.0,30,60,5,3,5
2016-05-27,180.71,379.29,50.38,13.73,1.29,169.35,381.0,30,60,5,4,5
2016-05-28,109.82,314.0,34.37,15.48,0.96,120.76,409.0,30,60,5,5,5
2016-05-29,42.67,169.36,35.71,10.6,0.87,101.26,269.0,30,60,5,6,5
2016-05-30,56.87,101.24,50.18,11.3,1.39,73.43,187.0,30,60,5,0,5
2016-05-31,101.54,214.14,49.41,9.15,1.29,83.4,225.0,30,60,5,1,5
2016-06-01,76.56,251.87,44.55,13.11,1.04,86.34,283.0,30,60,5,2,6
2016-06-02,81.4,298.5,49.88,13.87,1.3,94.77,316.0,30,60,5,3,6
2016-06-03,138.97,296.64,74.99,21.41,1.7,129.18,361.0,30,60,5,4,6
2016-06-04,137.81,274.63,75.26,15.4,1.48,115.31,330.0,30,60,5,5,6
2016-06-05,77.72,166.28,36.69,11.7,0.99,78.8,256.0,30,60,5,6,6
2016-06-06,84.61,208.17,45.47,14.68,1.48,100.24,237.0,30,60,5,0,6
2016-06-07,66.72,152.18,45.5,15.9,1.77,82.33,246.0,30,60,5,1,6
2016-06-08,64.08,143.88,57.31,19.95,1.45,79.75,202.0,30,60,5,2,6
2016-06-09,64.95,187.69,49.67,15.09,1.75,84.94,209.0,30,60,5,3,6
2016-06-10,75.75,239.74,51.75,18.14,3.84,92.8,262.0,30,60,5,4,6
2016-06-11,69.25,225.52,38.84,9.83,3.61,68.93,280.0,30,60,5,5,6
2016-06-12,70.71,272.34,40.04,9.78,2.59,70.91,279.0,30,60,5,6,6
2016-06-13,96.72,332.91,34.52,10.14,3.24,98.09,357.0,30,60,5,0,6
2016-06-14,59.02,197.51,38.55,8.29,3.44,57.42,266.0,30,60,5,1,6
2016-06-15,102.42,330.36,37.74,11.23,1.59,65.24,330.0,30,60,5,2,6
2016-06-16,62.37,109.42,30.44,9.89,2.49,56.97,248.0,30,60,5,3,6
2016-06-17,67.76,120.06,41.27,10.43,1.87,59.25,172.0,30,60,5,4,6
2016-06-18,79.17,142.57,33.98,8.64,1.94,68.32,234.0,30,60,5,5,6
2016-06-19,101.31,101.54,32.55,9.51,2.64,56.24,201.0,30,60,5,6,6
2016-06-20,83.1,84.18,40.24,11.24,2.11,52.76,206.0,30,60,5,0,6
2016-06-21,72.33,54.85,32.04,10.54,2.49,43.4,159.0,30,60,5,1,6
2016-06-22,75.14,99.89,31.89,7.88,3.73,51.74,187.0,30,60,5,2,6
2016-06-23,91.63,98.88,37.7,8.34,2.11,55.92,228.0,30,60,5,3,6
2016-06-24,100.02,331.1,45.29,9.03,2.02,101.3,284.0,30,60,5,4,6
2016-06-25,67.12,175.26,50.91,10.87,1.09,79.26,310.0,30,60,5,5,6
2016-06-26,48.0,86.63,40.57,8.71,0.85,58.37,158.0,30,60,5,6,6
2016-06-27,76.76,112.46,37.28,7.63,1.71,51.76,154.0,30,60,5,0,6
2016-06-28,80.89,96.05,40.07,9.77,3.0,55.61,187.0,30,60,5,1,6
2016-06-29,60.67,68.43,37.01,10.22,2.08,44.44,180.0,30,60,5,2,6
2016-06-30,69.65,103.25,34.17,9.43,2.39,51.31,190.0,30,60,5,3,6
2016-07-01,58.21,113.1,29.28,7.97,2.23,37.35,164.0,30,60,5,4,7
2016-07-02,57.24,96.62,33.9,7.81,2.93,40.49,148.0,30,60,5,5,7
2016-07-03,67.6,95.26,36.79,8.77,2.78,48.9,154.0,30,60,5,6,7
2016-07-04,57.1,75.83,37.93,8.88,1.72,52.3,160.0,30,60,5,0,7
2016-07-05,68.71,162.2,47.24,8.51,2.22,55.57,165.0,30,60,5,1,7
2016-07-06,77.71,143.29,34.78,7.6,2.64,57.81,210.0,30,60,5,2,7
2016-07-07,54.5,80.82,27.69,8.73,2.18,42.67,158.0,30,60,5,3,7
2016-07-08,54.96,98.86,42.07,8.38,1.58,45.55,172.0,30,60,5,4,7
2016-07-09,52.95,87.81,30.77,7.73,1.96,45.1,151.0,30,60,5,5,7
2016-07-10,59.13,86.18,35.91,7.94,1.72,43.24,143.0,30,60,5,6,7
2016-07-11,60.92,74.51,33.57,7.74,1.08,42.22,156.0,30,60,5,0,7
2016-07-12,39.32,57.16,32.55,9.06,2.36,43.95,108.0,30,60,5,1,7
2016-07-13,71.53,79.1,31.96,8.23,1.82,50.01,163.0,30,60,5,2,7
2016-07-14,73.51,56.29,29.7,7.39,5.0,47.3,247.0,30,60,5,3,7
2016-07-15,52.88,88.23,29.17,6.58,4.65,36.35,123.0,30,60,5,4,7
2016-07-16,50.99,44.48,22.38,7.18,1.21,33.31,106.0,30,60,5,5,7
2016-07-17,75.93,38.59,15.75,7.0,2.48,28.11,202.0,30,60,5,6,7
2016-07-18,44.08,77.07,32.85,7.31,1.47,36.73,120.0,30,60,5,0,7
2016-07-19,42.14,166.27,31.4,6.78,1.31,44.7,135.0,30,60,5,1,7
2016-07-20,56.86,203.09,34.96,9.36,1.16,61.07,245.0,30,60,5,2,7
2016-07-21,45.64,240.86,37.8,7.27,0.87,56.3,280.0,30,60,5,3,7
2016-07-22,48.36,157.41,37.42,8.63,1.14,64.4,269.0,30,60,5,4,7
2016-07-23,42.09,80.14,23.88,7.23,0.84,51.32,163.0,30,60,5,5,7
2016-07-24,59.4,124.47,56.56,8.91,1.45,65.42,195.0,30,60,5,6,7
2016-07-25,76.29,163.57,58.4,7.93,1.32,62.62,195.0,30,60,5,0,7
2016-07-26,54.5,95.08,40.48,8.2,1.08,52.3,163.0,30,60,5,1,7
2016-07-27,40.55,58.09,40.86,10.82,1.36,56.73,108.0,30,60,5,2,7
2016-07-28,46.44,68.69,42.81,9.95,1.34,72.25,134.0,30,60,5,3,7
2016-07-29,56.16,76.89,44.18,9.87,1.76,70.34,155.0,30,60,5,4,7
2016-07-30,42.7,50.0,36.78,8.69,1.55,49.28,116.0,30,60,5,5,7
2016-07-31,48.03,70.62,32.5,8.01,1.29,85.11,136.0,30,60,5,6,7
2016-08-01,43.47,53.42,29.86,10.33,1.29,68.03,150.0,30,60,5,0,8
2016-08-02,43.55,55.33,34.87,8.23,2.69,91.54,121.0,30,60,5,1,8
2016-08-03,50.86,67.92,36.14,6.96,1.35,92.81,149.0,30,60,5,2,8
2016-08-04,49.04,87.48,35.93,9.03,0.92,86.42,178.0,30,60,5,3,8
2016-08-05,39.3,78.77,33.68,9.36,1.2,63.17,120.0,30,60,5,4,8
2016-08-06,43.86,76.69,38.29,9.81,2.13,68.19,140.0,30,60,5,5,8
2016-08-07,42.84,75.19,31.42,10.02,2.48,67.17,142.0,30,60,5,6,8
2016-08-08,44.04,82.26,34.27,8.48,1.37,73.28,141.0,30,60,5,0,8
2016-08-09,41.29,64.76,29.05,8.02,2.93,59.76,125.0,30,60,5,1,8
2016-08-10,39.28,54.92,30.76,9.75,1.6,53.53,127.0,30,60,5,2,8
2016-08-11,30.66,32.79,29.78,8.37,2.22,54.64,119.0,30,60,5,3,8
2016-08-12,42.15,84.46,34.9,8.73,1.39,70.12,111.0,30,60,5,4,8
2016-08-13,56.45,92.71,43.49,7.77,1.53,68.22,132.0,30,60,5,5,8
2016-08-14,40.81,80.14,42.53,12.53,1.28,81.39,149.0,30,60,5,6,8
2016-08-15,39.51,185.99,32.96,8.87,2.15,91.79,166.0,30,60,5,0,8
2016-08-16,49.04,245.72,28.74,7.97,3.78,83.64,274.0,30,60,5,1,8
2016-08-17,62.19,247.59,36.46,11.16,0.95,85.32,295.0,30,60,5,2,8
2016-08-18,55.55,132.65,51.48,9.22,1.23,72.82,219.0,30,60,5,3,8
2016-08-19,59.03,153.16,43.97,8.84,1.15,69.54,169.0,30,60,5,4,8
2016-08-20,48.57,90.68,35.84,8.56,1.59,59.67,174.0,30,60,5,5,8
2016-08-21,28.01,65.58,27.58,9.02,3.11,42.88,111.0,30,60,5,6,8
2016-08-22,28.6,78.83,31.31,7.97,2.59,43.07,93.0,30,60,5,0,8
2016-08-23,38.99,85.48,39.47,8.06,1.25,50.23,107.0,30,60,5,1,8
2016-08-24,43.35,73.22,32.04,10.86,1.17,48.2,127.0,30,60,5,2,8
2016-08-25,45.88,118.92,35.41,8.23,0.99,32.24,93.0,30,60,5,3,8
2016-08-26,54.13,125.44,35.61,9.57,1.0,41.9,142.0,30,60,5,4,8
2016-08-27,56.56,170.2,20.84,7.91,0.36,26.55,93.0,30,60,5,5,8
2016-08-28,57.09,170.2,28.7,7.04,1.67,27.7,224.0,30,60,5,6,8
2016-08-29,54.73,189.12,37.48,8.92,1.1,40.47,169.0,30,60,5,0,8
2016-08-30,48.93,89.57,42.73,9.22,1.12,41.9,110.0,30,60,5,1,8
2016-08-31,37.1,60.16,41.82,8.72,2.07,41.57,100.0,30,60,5,2,8
2016-09-01,28.06,47.47,51.78,9.47,1.22,54.7,109.0,30,60,5,3,9
2016-09-02,44.31,111.18,41.71,9.37,0.98,64.8,154.0,30,60,5,4,9
2016-09-03,46.77,208.01,40.85,10.09,0.91,68.7,216.0,30,60,5,5,9
2016-09-04,57.64,269.42,31.96,9.05,0.91,56.8,262.0,30,60,5,6,9
2016-09-05,45.37,246.81,33.42,9.87,1.17,57.01,260.0,30,60,5,0,9
2016-09-06,50.42,282.23,34.74,10.61,2.99,61.24,329.0,30,60,5,1,9
2016-09-07,50.73,233.83,39.21,14.63,2.16,75.45,291.0,30,60,5,2,9
2016-09-08,71.72,260.6,39.69,12.02,1.41,63.76,300.0,30,60,5,3,9
2016-09-09,87.99,277.61,43.67,10.34,2.39,49.75,335.0,30,60,5,4,9
2016-09-10,45.7,190.45,38.14,10.81,0.75,55.82,240.0,30,60,5,5,9
2016-09-11,45.89,164.1,40.58,10.92,2.36,52.36,177.0,30,60,5,6,9
2016-09-12,49.7,178.47,39.41,9.59,2.12,54.62,178.0,30,60,5,0,9
2016-09-13,57.08,184.5,43.84,10.93,1.62,63.46,193.0,30,60,5,1,9
2016-09-14,47.36,109.64,45.6,11.21,1.25,64.32,150.0,30,60,5,2,9
2016-09-15,79.99,198.81,54.73,11.6,1.26,77.97,215.0,30,60,5,3,9
2016-09-16,67.11,185.86,57.22,12.39,0.95,70.09,233.0,30,60,5,4,9
2016-09-17,81.9,207.91,56.8,12.78,0.99,75.84,220.0,30,60,5,5,9
2016-09-18,86.16,185.57,56.82,10.89,1.28,74.51,266.0,30,60,5,6,9
2016-09-19,75.02,143.48,67.37,14.63,1.08,88.62,192.0,30,60,5,0,9
2016-09-20,94.23,141.3,86.2,16.12,1.3,134.72,264.0,30,60,5,1,9
2016-09-21,89.62,131.06,70.0,17.12,0.89,144.45,284.0,30,60,5,2,9
2016-09-22,32.73,67.29,44.35,13.44,0.8,72.31,150.0,30,60,5,3,9
2016-09-23,55.64,125.31,57.24,13.77,1.18,78.31,134.0,30,60,5,4,9
2016-09-24,56.46,112.36,53.66,14.63,1.03,67.97,197.0,30,60,5,5,9
2016-09-25,56.64,137.48,55.69,15.5,1.24,73.87,175.0,30,60,5,6,9
2016-09-26,89.09,194.71,68.3,15.11,1.35,89.95,236.0,30,60,5,0,9
2016-09-27,52.49,109.5,41.03,13.68,0.71,62.19,185.0,30,60,5,1,9
2016-09-28,105.43,260.01,100.66,11.94,0.49,113.81,103.0,30,60,5,2,9
2016-09-29,101.84,189.62,63.0,15.28,0.97,96.64,289.0,30,60,5,3,9
2016-09-30,84.33,179.81,65.05,15.0,1.01,87.95,224.0,30,60,5,4,9
2016-10-01,117.28,232.03,73.71,24.55,1.4,109.06,312.0,30,60,5,5,10
2016-10-02,81.87,199.61,59.82,16.28,1.13,75.58,234.0,30,60,5,6,10
2016-10-03,103.12,210.04,66.31,12.96,1.09,97.36,282.0,30,60,5,0,10
2016-10-04,159.8,272.34,78.18,13.68,1.3,123.99,351.0,30,60,5,1,10
2016-10-05,81.71,150.37,77.96,14.4,1.26,85.94,232.0,30,60,5,2,10
2016-10-06,117.86,229.25,87.85,15.09,1.3,109.08,280.0,30,60,5,3,10
2016-10-07,114.06,274.97,74.99,14.63,1.28,97.13,311.0,30,60,5,4,10
2016-10-08,132.11,317.62,76.99,14.9,1.54,98.7,408.0,30,60,5,5,10
2016-10-09,144.47,317.13,92.64,17.2,1.42,128.17,416.0,30,60,5,6,10
2016-10-10,125.8,290.85,88.86,17.3,1.24,112.52,387.0,30,60,5,0,10
2016-10-11,134.84,327.75,83.87,16.52,1.6,104.67,408.0,30,60,5,1,10
2016-10-12,114.3,309.88,83.3,20.1,1.05,93.47,405.0,30,60,5,2,10
2016-10-13,86.93,295.1,81.11,19.17,0.84,78.81,371.0,30,60,5,3,10
2016-10-14,94.83,303.27,87.15,20.72,1.31,87.84,375.0,30,60,5,4,10
2016-10-15,144.98,368.81,108.83,22.1,1.26,120.33,400.0,30,60,5,5,10
2016-10-16,132.01,316.53,89.01,24.72,1.32,99.74,430.0,30,60,5,6,10
2016-10-17,149.35,346.31,94.29,27.27,2.19,112.83,425.0,30,60,5,0,10
2016-10-18,161.49,352.64,95.27,22.25,1.6,101.0,438.0,30,60,5,1,10
2016-10-19,140.57,339.79,91.52,24.66,1.48,73.0,428.0,30,60,5,2,10
2016-10-20,135.9,361.08,90.28,24.72,1.83,107.03,425.0,30,60,5,3,10
2016-10-21,161.11,477.65,88.27,26.66,2.14,32.06,496.0,30,60,5,4,10
2016-10-22,140.92,442.68,84.96,20.7,1.44,53.5,472.0,30,60,5,5,10
2016-10-23,182.14,372.09,90.22,19.38,1.11,122.74,470.0,30,60,5,6,10
2016-10-24,164.51,367.17,88.17,21.68,1.42,109.22,454.0,30,60,5,0,10
2016-10-25,115.76,290.42,82.7,23.46,1.63,83.78,396.0,30,60,5,1,10
2016-10-26,209.27,413.49,111.23,25.0,1.88,85.57,413.0,30,60,5,2,10
2016-10-27,296.27,535.53,120.07,23.95,1.94,82.06,558.0,30,60,5,3,10
2016-10-28,318.57,503.0,119.42,27.89,1.91,107.12,570.0,30,60,5,4,10
2016-10-29,350.39,516.59,162.5,54.38,2.65,139.22,554.0,30,60,5,5,10
2016-10-30,355.77,528.41,112.59,40.23,2.28,257.73,522.0,30,60,5,6,10
2016-10-31,434.92,521.21,113.21,71.56,2.36,153.52,520.0,30,60,5,0,10
2016-11-01,394.59,537.51,120.66,33.34,2.09,193.31,550.0,30,60,5,1,11
2016-11-02,537.96,693.21,149.12,26.66,2.8,160.01,593.0,30,60,5,2,11
2016-11-03,482.4,483.99,148.92,29.4,2.78,108.33,625.0,30,60,5,3,11
2016-11-04,342.45,475.1,131.92,25.93,2.23,177.07,480.0,30,60,5,4,11
2016-11-05,588.39,763.58,113.31,22.21,2.2,39.05,603.0,30,60,5,5,11
2016-11-06,685.36,708.8,128.15,22.61,3.23,39.21,676.0,30,60,5,6,11
2016-11-07,488.57,527.64,123.36,23.88,2.21,33.33,716.0,30,60,5,0,11
2016-11-08,338.38,471.47,92.18,21.36,1.32,35.0,542.0,30,60,5,1,11
2016-11-09,307.08,415.79,103.26,21.52,1.38,33.89,455.0,30,60,5,2,11
2016-11-10,291.71,464.27,133.98,29.45,1.61,42.27,471.0,30,60,5,3,11
2016-11-11,295.88,491.38,147.03,35.04,1.62,50.03,514.0,30,60,5,4,11
2016-11-12,277.67,437.21,127.18,34.7,1.49,43.22,491.0,30,60,5,5,11
2016-11-13,228.16,388.97,113.74,51.78,1.24,66.96,469.0,30,60,5,6,11
2016-11-14,194.2,266.97,119.58,22.7,0.91,63.1,404.0,30,60,5,0,11
2016-11-15,236.09,399.5,116.66,21.98,1.49,37.37,379.0,30,60,5,1,11
2016-11-16,291.98,391.88,109.65,23.97,1.34,35.58,428.0,30,60,5,2,11
2016-11-17,351.47,412.95,96.23,21.65,0.73,37.74,504.0,30,60,5,3,11
2016-11-18,237.21,409.98,102.95,23.11,0.87,37.26,512.0,30,60,5,4,11
2016-11-19,285.71,412.35,114.11,30.47,1.16,48.81,494.0,30,60,5,5,11
2016-11-20,323.74,350.18,117.17,27.23,1.52,53.69,438.0,30,60,5,6,11
2016-11-21,340.61,439.26,128.85,26.25,1.6,50.47,474.0,30,60,5,0,11
2016-11-22,281.76,399.82,111.52,25.26,1.55,32.17,471.0,30,60,5,1,11
2016-11-23,174.56,443.12,98.73,30.13,1.24,38.25,432.0,30,60,5,2,11
2016-11-24,216.1,478.72,109.5,22.29,1.21,35.12,397.0,30,60,5,3,11
2016-11-25,136.21,399.13,68.9,20.99,0.41,40.07,375.0,30,60,5,4,11
2016-11-26,113.3,325.47,70.01,23.22,0.46,39.94,330.0,30,60,5,5,11
2016-11-27,128.7,336.16,71.29,22.68,0.65,38.99,347.0,30,60,5,6,11
2016-11-28,127.5,312.58,82.99,29.33,0.91,36.12,274.0,30,60,5,0,11
2016-11-29,236.58,489.62,133.28,27.59,1.75,40.89,360.0,30,60,5,1,11
2016-11-30,246.25,437.91,95.64,20.23,1.16,44.16,441.0,30,60,5,2,11
2016-12-01,263.61,473.72,83.15,19.08,1.25,49.44,418.0,30,60,5,3,12
2016-12-02,263.25,422.11,101.67,20.38,1.05,34.89,474.0,30,60,5,4,12
2016-12-03,196.6,432.38,97.75,23.49,1.41,34.86,419.0,30,60,5,5,12
2016-12-04,223.3,426.63,109.4,22.96,1.93,33.98,379.0,30,60,5,6,12
2016-12-05,204.6,417.29,78.79,23.92,1.55,31.6,389.0,30,60,5,0,12
2016-12-06,293.91,497.31,96.68,23.11,1.86,38.89,402.0,30,60,5,1,12
2016-12-07,283.61,414.27,81.86,23.69,1.34,53.91,472.0,30,60,5,2,12
2016-12-08,238.21,374.88,72.44,22.2,1.53,36.02,422.0,30,60,5,3,12
2016-12-09,295.62,502.98,71.44,23.47,1.66,38.31,443.0,30,60,5,4,12
2016-12-10,189.09,249.35,58.86,20.83,0.84,41.6,413.0,30,60,5,5,12
2016-12-11,199.12,294.81,50.79,22.65,1.25,37.83,351.0,30,60,5,6,12
2016-12-12,210.28,365.65,76.9,23.52,2.39,30.87,418.0,30,60,5,0,12
2016-12-13,209.91,438.88,76.81,21.71,1.32,32.12,413.0,30,60,5,1,12
2016-12-14,154.55,336.29,66.38,18.5,0.92,33.54,379.0,30,60,5,2,12
2016-12-15,167.64,345.07,61.53,20.65,1.06,34.65,359.0,30,60,5,3,12
2016-12-16,200.78,443.63,85.26,23.5,1.45,33.68,390.0,30,60,5,4,12
2016-12-17,229.35,450.31,88.54,21.22,1.16,33.35,437.0,30,60,5,5,12
2016-12-18,232.33,433.94,86.92,21.99,1.17,34.3,411.0,30,60,5,6,12
2016-12-19,236.24,445.54,88.02,21.32,0.92,31.86,443.0,30,60,5,0,12
2016-12-20,161.92,324.2,68.35,22.9,0.61,34.48,377.0,30,60,5,1,12
2016-12-21,131.95,291.75,66.67,22.63,0.81,33.78,317.0,30,60,5,2,12
2016-12-22,187.3,399.43,82.03,24.9,1.14,37.52,349.0,30,60,5,3,12
2016-12-23,364.15,616.99,122.88,22.09,1.92,45.0,470.0,30,60,5,4,12
2016-12-24,411.8,605.65,114.03,19.54,1.65,41.56,576.0,30,60,5,5,12
2016-12-25,232.41,346.57,59.88,19.37,0.7,38.99,412.0,30,60,5,6,12
2016-12-26,154.26,307.64,65.49,22.82,0.66,36.31,338.0,30,60,5,0,12
2016-12-27,213.2,395.37,93.45,24.51,0.94,36.9,319.0,30,60,5,1,12
2016-12-28,273.82,515.41,129.41,26.1,1.61,40.19,455.0,30,60,5,2,12
2016-12-29,339.96,535.68,108.76,21.6,1.3,55.09,524.0,30,60,5,3,12
2016-12-30,231.1,368.9,62.46,23.47,0.96,43.97,381.0,30,60,5,4,12
2016-12-31,211.16,353.61,56.66,23.82,1.14,42.84,338.0,30,60,5,5,12
2017-01-01,191.5,402.31,66.19,25.13,1.31,50.03,332.0,30,60,5,6,1
2017-01-02,247.79,440.18,95.55,22.29,1.47,47.86,384.0,30,60,5,0,1
2017-01-03,255.33,390.67,90.79,25.33,1.28,42.9,373.0,30,60,5,1,1
2017-01-04,248.01,341.15,91.07,23.11,1.55,41.13,439.0,30,60,5,2,1
2017-01-05,215.42,352.83,87.15,25.15,1.24,41.95,318.0,30,60,5,3,1
2017-01-06,194.12,278.62,65.86,20.52,0.9,44.04,390.0,30,60,5,4,1
2017-01-07,154.52,170.19,38.85,22.19,0.77,47.75,332.0,30,60,5,5,1
2017-01-08,136.98,218.67,52.31,32.22,0.63,45.09,283.0,30,60,5,6,1
2017-01-09,141.88,266.86,64.33,24.76,0.77,42.66,300.0,30,60,5,0,1
2017-01-10,108.26,239.51,59.2,19.1,0.71,36.04,305.0,30,60,5,1,1
2017-01-11,146.04,314.69,67.72,21.36,0.79,29.92,337.0,30,60,5,2,1
2017-01-12,216.73,423.24,79.35,20.33,0.95,32.17,417.0,30,60,5,3,1
2017-01-13,232.37,426.02,85.07,24.71,1.03,33.09,426.0,30,60,5,4,1
2017-01-14,309.28,318.52,84.75,11.7,0.37,29.53,439.0,30,60,5,5,1
2017-01-15,222.66,281.83,63.97,17.67,0.45,24.93,382.0,30,60,5,6,1
2017-01-16,188.08,284.88,60.94,20.6,0.93,33.86,397.0,30,60,5,0,1
2017-01-17,177.67,206.63,51.44,18.44,0.63,36.21,330.0,30,60,5,1,1
2017-01-18,218.63,268.67,66.94,20.52,0.7,34.21,358.0,30,60,5,2,1
2017-01-19,227.68,225.03,55.95,20.86,0.6,34.42,376.0,30,60,5,3,1
2017-01-20,217.55,207.03,63.7,22.23,0.6,39.1,334.0,30,60,5,4,1
2017-01-21,349.98,226.74,63.36,17.93,0.03,18.33,387.0,30,60,5,5,1
2017-01-22,286.6,360.04,63.71,18.75,0.09,19.1,446.0,30,60,5,6,1
2017-01-23,189.45,277.25,67.27,20.61,0.53,20.57,379.0,30,60,5,0,1
2017-01-24,230.94,386.49,92.12,24.56,1.3,37.93,375.0,30,60,5,1,1
2017-01-25,241.78,370.37,88.02,23.95,1.08,40.58,450.0,30,60,5,2,1
2017-01-26,135.87,166.57,50.39,22.04,0.32,34.78,340.0,30,60,5,3,1
2017-01-27,74.92,80.21,42.24,18.11,0.35,36.05,203.0,30,60,5,4,1
2017-01-28,109.13,144.49,45.82,18.1,0.44,36.87,236.0,30,60,5,5,1
2017-01-29,132.35,171.91,46.68,18.12,0.35,39.39,252.0,30,60,5,6,1
2017-01-30,166.71,276.2,65.43,20.29,0.83,36.47,302.0,30,60,5,0,1
2017-01-31,214.23,316.16,82.78,22.81,0.79,35.58,358.0,30,60,5,1,1
2017-02-01,136.02,251.31,64.08,19.51,0.9,34.75,317.0,30,60,5,2,2
2017-02-02,198.24,410.79,93.86,18.84,1.26,36.78,387.0,30,60,5,3,2
2017-02-03,194.99,427.02,88.38,19.98,1.26,39.02,438.0,30,60,5,4,2
2017-02-04,186.65,324.14,62.01,17.04,0.92,43.9,407.0,30,60,5,5,2
2017-02-05,146.49,286.46,49.57,18.3,0.84,44.68,312.0,30,60,5,6,2
2017-02-06,176.04,414.89,60.62,17.23,1.03,35.21,367.0,30,60,5,0,2
2017-02-07,77.85,218.27,55.29,16.07,0.62,36.12,263.0,30,60,5,1,2
2017-02-08,129.1,325.78,69.98,17.2,0.83,34.28,287.0,30,60,5,2,2
2017-02-09,133.12,303.04,67.24,20.84,0.75,36.78,346.0,30,60,5,3,2
2017-02-10,120.43,272.12,62.77,20.09,0.68,35.09,314.0,30,60,5,4,2
2017-02-11,129.09,275.18,58.31,17.55,0.54,31.87,314.0,30,60,5,5,2
2017-02-12,166.55,250.37,56.97,19.9,0.38,31.11,314.0,30,60,5,6,2
2017-02-13,130.62,268.92,73.3,21.25,0.79,36.88,298.0,30,60,5,0,2
2017-02-14,168.96,358.24,81.51,21.87,0.87,35.28,319.0,30,60,5,1,2
2017-02-15,183.98,386.01,82.14,21.26,0.78,31.92,382.0,30,60,5,2,2
2017-02-16,163.86,335.5,78.82,21.02,0.72,31.57,352.0,30,60,5,3,2
2017-02-17,112.02,330.9,72.55,19.33,0.71,32.42,309.0,30,60,5,4,2
2017-02-18,107.13,352.54,71.98,19.29,0.66,30.24,301.0,30,60,5,5,2
2017-02-19,109.38,364.83,68.84,18.33,0.78,29.1,274.0,30,60,5,6,2
2017-02-20,126.74,406.49,67.45,23.96,1.06,35.07,313.0,30,60,5,0,2
2017-02-21,106.92,303.47,60.72,19.57,0.7,33.71,310.0,30,60,5,1,2
2017-02-22,93.03,270.3,65.62,19.84,0.8,38.35,258.0,30,60,5,2,2
2017-02-23,182.29,158.96,55.22,13.77,0.27,44.58,238.0,30,60,5,3,2
2017-02-24,451.25,104.82,42.2,6.64,0.0,55.11,449.0,30,60,5,4,2
2017-02-25,425.22,103.74,46.64,8.41,0.0,55.2,516.0,30,60,5,5,2
2017-02-26,328.23,198.09,59.34,17.55,0.41,31.79,520.0,30,60,5,6,2
2017-02-27,178.5,255.65,72.8,21.66,0.8,35.64,363.0,30,60,5,0,2
2017-02-28,149.73,382.34,94.66,28.15,1.42,38.79,362.0,30,60,5,1,2
2017-03-01,127.9,359.47,79.46,24.07,0.92,45.24,397.0,30,60,5,2,3
2017-03-02,114.68,300.55,69.08,23.53,0.47,35.22,280.0,30,60,5,3,3
2017-03-03,67.83,181.19,56.64,19.69,0.57,32.02,206.0,30,60,5,4,3
2017-03-04,82.32,196.84,60.55,22.03,0.57,27.77,190.0,30,60,5,5,3
2017-03-05,90.6,229.62,61.48,25.34,0.69,31.88,210.0,30,60,5,6,3
2017-03-06,91.6,242.14,64.99,26.91,0.76,30.68,201.0,30,60,5,0,3
2017-03-07,112.41,307.78,65.16,30.7,0.89,34.43,243.0,30,60,5,1,3
2017-03-08,134.4,224.36,49.88,24.14,0.43,35.35,267.0,30,60,5,2,3
2017-03-09,106.45,142.78,39.68,20.15,0.23,45.45,245.0,30,60,5,3,3
2017-03-10,68.88,106.39,33.32,17.93,0.21,47.51,165.0,30,60,5,4,3
2017-03-11,37.49,110.65,32.0,19.4,0.25,47.14,102.0,30,60,5,5,3
2017-03-12,64.42,169.87,32.11,20.11,0.26,42.82,159.0,30,60,5,6,3
2017-03-13,74.58,182.79,27.78,19.33,0.24,34.2,174.0,30,60,5,0,3
2017-03-14,102.46,284.27,34.28,22.37,0.4,34.99,270.0,30,60,5,1,3
2017-03-15,112.71,319.97,42.06,23.96,0.45,32.01,397.0,30,60,5,2,3
2017-03-16,125.8,348.95,42.18,23.59,0.52,31.9,371.0,30,60,5,3,3
2017-03-17,114.07,288.64,38.7,21.42,0.65,32.6,328.0,30,60,5,4,3
2017-03-18,96.39,267.96,46.65,22.29,0.6,33.42,254.0,30,60,5,5,3
2017-03-19,120.43,350.42,51.65,22.89,0.81,31.83,342.0,30,60,5,6,3
2017-03-20,121.21,332.73,49.53,22.25,0.77,30.92,367.0,30,60,5,0,3
2017-03-21,128.51,365.67,51.94,24.38,0.83,28.61,400.0,30,60,5,1,3
2017-03-22,120.88,405.64,69.31,28.88,0.58,20.88,390.0,30,60,5,2,3
2017-03-23,151.17,342.53,70.55,27.21,0.55,31.7,417.0,30,60,5,3,3
2017-03-24,149.42,282.88,79.52,22.09,0.68,19.74,359.0,30,60,5,4,3
2017-03-25,168.23,254.71,83.82,15.18,0.31,22.26,309.0,30,60,5,5,3
2017-03-26,118.34,247.77,78.84,14.85,0.31,23.14,292.0,30,60,5,6,3
2017-03-27,156.38,218.98,79.24,17.55,0.33,23.49,278.0,30,60,5,0,3
2017-03-28,152.66,289.95,85.54,18.24,0.42,18.81,320.0,30,60,5,1,3
2017-03-29,113.62,311.56,75.87,17.26,0.45,15.36,350.0,30,60,5,2,3
2017-03-30,69.44,204.22,76.28,23.72,0.37,14.88,234.0,30,60,5,3,3
2017-03-31,91.19,285.69,84.22,20.48,0.41,22.61,233.0,30,60,5,4,3
2017-04-01,105.71,291.02,81.75,20.05,0.52,22.94,341.0,30,60,5,5,4
2017-04-02,83.36,210.86,77.96,19.33,0.42,34.73,259.0,30,60,5,6,4
2017-04-03,70.62,192.27,83.8,24.03,0.37,32.92,204.0,30,60,5,0,4
2017-04-04,84.4,234.82,73.67,24.14,0.39,31.95,220.0,30,60,5,1,4
2017-04-05,47.67,207.72,64.65,19.75,0.32,29.86,255.0,30,60,5,2,4
2017-04-06,62.44,252.48,67.13,17.21,0.3,30.66,211.0,30,60,5,3,4
2017-04-07,150.76,543.0,74.99,27.69,0.35,35.44,428.0,30,60,5,4,4
2017-04-08,151.25,410.15,77.6,33.4,0.48,36.52,497.0,30,60,5,5,4
2017-04-09,68.88,190.42,68.1,22.78,0.27,52.48,289.0,30,60,5,6,4
2017-04-10,129.15,237.88,72.06,21.85,0.29,54.89,285.0,30,60,5,0,4
2017-04-11,146.59,253.07,71.58,24.49,0.33,45.45,368.0,30,60,5,1,4
2017-04-12,107.69,309.37,61.17,32.76,0.64,33.49,304.0,30,60,5,2,4
2017-04-13,163.97,375.82,87.79,43.82,1.06,27.66,377.0,30,60,5,3,4
2017-04-14,184.69,371.87,110.15,50.31,1.1,43.31,418.0,30,60,5,4,4
2017-04-15,176.54,343.62,102.4,42.8,1.0,28.5,355.0,30,60,5,5,4
2017-04-16,175.23,409.95,102.55,62.6,1.12,40.1,416.0,30,60,5,6,4
2017-04-17,145.22,389.03,102.55,42.39,0.75,35.43,403.0,30,60,5,0,4
2017-04-18,152.84,400.78,88.05,44.15,0.4,28.65,415.0,30,60,5,1,4
2017-04-19,136.35,356.47,80.08,41.33,0.67,32.02,412.0,30,60,5,2,4
2017-04-20,152.99,324.19,93.15,37.38,0.9,49.2,394.0,30,60,5,3,4
2017-04-21,130.13,409.7,103.25,30.82,0.54,56.86,357.0,30,60,5,4,4
2017-04-22,110.54,263.66,93.8,29.4,0.0,55.86,291.0,30,60,5,5,4
2017-04-23,103.42,260.82,75.05,29.4,0.28,55.86,244.0,30,60,5,6,4
2017-04-24,99.09,266.24,61.32,31.95,1.09,42.6,287.0,30,60,5,0,4
2017-04-25,96.07,287.92,69.59,39.9,0.63,50.43,254.0,30,60,5,1,4
2017-04-26,72.31,189.5,72.94,29.27,0.63,38.6,242.0,30,60,5,2,4
2017-04-27,93.14,271.06,73.49,46.69,0.72,41.04,223.0,30,60,5,3,4
2017-04-28,109.36,271.94,68.76,39.58,0.86,33.66,243.0,30,60,5,4,4
2017-04-29,126.74,303.75,85.21,54.52,1.1,40.95,237.0,30,60,5,5,4
2017-04-30,80.81,234.05,65.55,46.62,0.71,57.8,275.0,30,60,5,6,4
2017-05-01,85.8,211.83,70.38,56.64,1.05,42.85,183.0,30,60,5,0,5
2017-05-02,198.2,313.23,108.48,50.78,1.41,58.08,370.0,30,60,5,1,5
2017-05-03,145.74,367.73,97.21,54.83,1.06,43.78,419.0,30,60,5,2,5
2017-05-04,109.91,302.02,67.76,34.97,0.83,45.95,317.0,30,60,5,3,5
2017-05-05,207.4,429.32,75.66,46.67,0.99,50.69,455.0,30,60,5,4,5
2017-05-06,204.56,363.53,92.19,51.7,1.5,43.3,435.0,30,60,5,5,5
2017-05-07,220.77,376.33,92.34,45.39,2.08,42.33,468.0,30,60,5,6,5
2017-05-08,183.82,392.34,94.19,52.99,1.34,39.49,442.0,30,60,5,0,5
2017-05-09,109.76,334.65,65.21,36.94,0.64,43.99,400.0,30,60,5,1,5
2017-05-10,74.42,242.54,46.48,35.61,0.6,61.69,223.0,30,60,5,2,5
2017-05-11,94.28,263.87,62.22,44.94,0.85,68.53,220.0,30,60,5,3,5
2017-05-12,216.96,500.59,70.84,65.5,0.89,66.7,474.0,30,60,5,4,5
2017-05-13,198.09,356.85,87.53,53.24,1.17,63.83,479.0,30,60,5,5,5
2017-05-14,121.76,334.51,70.37,44.98,0.89,41.08,373.0,30,60,5,6,5
2017-05-15,135.54,381.35,75.55,46.16,0.7,34.75,354.0,30,60,5,0,5
2017-05-16,123.21,375.15,54.83,41.96,0.57,52.5,349.0,30,60,5,1,5
2017-05-17,78.18,287.99,47.84,39.01,0.4,48.38,264.0,30,60,5,2,5
2017-05-18,126.04,279.92,50.3,55.11,0.41,52.39,188.0,30,60,5,3,5
2017-05-19,139.1,329.12,58.93,41.31,0.71,45.33,294.0,30,60,5,4,5
2017-05-20,233.82,352.76,59.74,36.26,0.9,46.67,334.0,30,60,5,5,5
2017-05-21,178.44,505.07,52.38,40.4,0.88,49.89,505.0,30,60,5,6,5
2017-05-22,110.1,386.67,63.7,35.36,0.99,40.92,349.0,30,60,5,0,5
2017-05-23,118.43,326.02,84.21,37.55,0.89,39.59,421.0,30,60,5,1,5
2017-05-24,107.37,252.35,80.72,42.21,0.47,39.1,238.0,30,60,5,2,5
2017-05-25,113.9,222.88,65.71,41.43,0.56,30.8,204.0,30,60,5,3,5
2017-05-26,103.75,301.57,79.07,41.4,0.65,53.9,289.0,30,60,5,4,5
2017-05-27,69.88,317.07,50.12,38.55,0.53,53.22,236.0,30,60,5,5,5
2017-05-28,40.33,150.34,45.6,31.5,0.49,57.01,148.0,30,60,5,6,5
2017-05-29,48.95,150.23,55.2,26.99,0.54,49.0,94.0,30,60,5,0,5
2017-05-30,63.27,174.62,64.11,26.15,0.5,54.23,130.0,30,60,5,1,5
2017-05-31,56.38,137.62,69.98,21.94,0.83,50.95,123.0,30,60,5,2,5
2017-06-01,95.23,257.16,97.33,23.0,1.08,65.67,192.0,30,60,5,3,6
2017-06-02,123.44,354.35,131.55,24.75,1.08,45.77,324.0,30,60,5,4,6
2017-06-03,122.2,362.94,119.37,23.23,1.1,42.56,357.0,30,60,5,5,6
2017-06-04,121.1,436.35,92.68,22.69,0.72,29.97,393.0,30,60,5,6,6
2017-06-05,71.89,320.91,64.07,18.63,0.56,20.67,302.0,30,60,5,0,6
2017-06-06,80.37,348.79,57.63,16.51,0.56,26.41,239.0,30,60,5,1,6
2017-06-07,40.87,233.62,70.77,23.51,0.29,39.61,210.0,30,60,5,2,6
2017-06-08,41.83,295.56,79.9,2.34,0.0,13.61,77.0,30,60,5,3,6
2017-06-09,66.73,295.56,76.52,2.34,0.0,13.61,89.0,30,60,5,4,6
2017-06-10,64.63,166.25,80.04,2.34,0.0,13.61,143.0,30,60,5,5,6
2017-06-11,43.02,166.25,77.07,2.34,0.0,13.61,80.0,30,60,5,6,6
2017-06-12,57.4,166.25,106.23,2.34,0.0,13.61,92.0,30,60,5,0,6
2017-06-13,48.6,244.14,96.64,2.34,0.0,13.61,112.0,30,60,5,1,6
2017-06-14,62.0,310.73,86.9,2.34,0.0,13.61,117.0,30,60,5,2,6
2017-06-15,80.14,205.5,139.09,2.34,0.0,13.61,101.0,30,60,5,3,6
2017-06-16,51.6,124.35,80.43,2.34,0.0,13.61,106.0,30,60,5,4,6
2017-06-17,41.96,87.16,70.93,2.34,0.0,13.61,88.0,30,60,5,5,6
2017-06-18,65.19,218.93,56.65,2.34,0.0,13.61,94.0,30,60,5,6,6
2017-06-19,60.9,228.2,36.63,2.34,0.0,13.61,150.0,30,60,5,0,6
2017-06-20,35.1,88.82,99.75,2.34,0.0,13.61,97.0,30,60,5,1,6
2017-06-21,58.27,87.74,63.2,2.34,0.0,13.61,109.0,30,60,5,2,6
2017-06-22,61.93,124.6,36.35,2.34,0.0,13.61,124.0,30,60,5,3,6
2017-06-23,44.08,160.22,103.29,2.34,0.0,13.61,111.0,30,60,5,4,6
2017-06-24,63.62,245.23,83.84,2.34,0.0,13.61,111.0,30,60,5,5,6
2017-06-25,76.1,325.29,71.42,2.34,0.0,13.61,148.0,30,60,5,6,6
2017-06-26,51.52,359.19,53.97,2.34,0.0,13.61,108.0,30,60,5,0,6
2017-06-27,36.62,286.38,54.02,2.34,0.0,13.61,73.0,30,60,5,1,6
2017-06-28,29.83,128.18,58.02,2.34,0.0,13.61,58.0,30,60,5,2,6
2017-06-29,22.98,103.8,35.01,2.34,0.0,13.61,58.0,30,60,5,3,6
2017-06-30,25.83,90.41,32.97,2.34,0.0,13.61,46.0,30,60,5,4,6
2017-07-01,43.35,224.62,17.4,2.34,0.0,13.61,84.0,30,60,5,5,7
2017-07-02,20.52,223.56,11.37,2.34,0.0,13.61,54.0,30,60,5,6,7
2017-07-03,46.71,246.98,20.06,2.34,0.0,13.61,49.0,30,60,5,0,7
2017-07-04,116.12,60.15,19.37,2.34,0.0,13.61,149.0,30,60,5,1,7
2017-07-05,50.81,60.15,14.86,2.34,0.0,13.61,212.0,30,60,5,2,7
2017-07-06,47.17,60.15,18.32,2.34,0.0,13.61,85.0,30,60,5,3,7
2017-07-07,41.42,60.15,18.21,2.34,0.0,13.61,77.0,30,60,5,4,7
2017-07-08,45.31,60.15,23.52,2.34,0.0,13.61,65.0,30,60,5,5,7
2017-07-09,58.46,60.15,21.16,2.34,0.0,13.61,108.0,30,60,5,6,7
2017-07-10,41.92,60.15,18.81,2.34,0.0,13.61,78.0,30,60,5,0,7
2017-07-11,33.04,60.15,21.44,2.34,0.0,13.61,59.0,30,60,5,1,7
2017-07-12,22.35,60.15,19.98,2.34,0.0,13.61,47.0,30,60,5,2,7
2017-07-13,22.44,60.15,21.59,2.34,0.0,13.61,39.0,30,60,5,3,7
2017-07-14,30.35,60.15,38.36,2.34,0.0,13.61,40.0,30,60,5,4,7
2017-07-15,32.02,60.15,77.47,2.34,0.0,13.61,56.0,30,60,5,5,7
2017-07-16,38.77,60.15,76.98,2.34,0.0,13.61,65.0,30,60,5,6,7
2017-07-17,33.56,60.15,86.61,2.34,0.0,13.61,71.0,30,60,5,0,7
2017-07-18,37.67,60.15,126.91,2.34,0.0,13.61,97.0,30,60,5,1,7
2017-07-19,55.96,60.15,137.15,2.34,0.0,13.61,118.0,30,60,5,2,7
2017-07-20,28.88,60.15,61.54,2.34,0.0,13.61,116.0,30,60,5,3,7
2017-07-21,23.12,60.15,23.67,2.34,0.0,13.61,53.0,30,60,5,4,7
2017-07-22,18.54,60.15,19.9,2.34,0.0,13.61,30.0,30,60,5,5,7
2017-07-23,22.65,60.15,18.22,2.34,0.0,13.61,37.0,30,60,5,6,7
2017-07-24,17.52,60.15,19.95,2.34,0.0,13.61,35.0,30,60,5,0,7
2017-07-25,22.17,60.15,18.1,2.34,0.0,13.61,37.0,30,60,5,1,7
2017-07-26,20.17,60.15,21.95,2.34,0.0,13.61,32.0,30,60,5,2,7
2017-07-27,24.42,60.15,25.33,2.34,0.0,13.61,41.0,30,60,5,3,7
2017-07-28,25.71,60.15,24.07,2.34,0.0,13.61,42.0,30,60,5,4,7
2017-07-29,27.25,60.15,22.87,2.34,0.0,13.61,47.0,30,60,5,5,7
2017-07-30,10.88,60.15,20.58,2.34,0.0,13.61,30.0,30,60,5,6,7
2017-07-31,17.1,60.15,26.19,2.34,0.0,13.61,29.0,30,60,5,0,7
2017-08-01,17.24,60.15,23.4,2.34,0.0,13.61,44.0,30,60,5,1,8
2017-08-02,27.56,60.15,26.54,2.34,0.0,13.61,40.0,30,60,5,2,8
2017-08-03,27.29,60.15,29.16,2.34,0.0,13.61,49.0,30,60,5,3,8
2017-08-04,42.65,60.15,33.74,2.34,0.0,13.61,50.0,30,60,5,4,8
2017-08-05,53.69,60.15,42.98,2.34,0.0,13.61,88.0,30,60,5,5,8
2017-08-06,61.44,60.15,41.75,2.34,0.0,13.61,99.0,30,60,5,6,8
2017-08-07,57.42,60.15,32.2,2.34,0.0,13.61,110.0,30,60,5,0,8
2017-08-08,36.58,60.15,29.91,2.34,0.0,13.61,68.0,30,60,5,1,8
2017-08-09,50.42,60.15,48.7,2.34,0.0,13.61,73.0,30,60,5,2,8
2017-08-10,48.6,60.15,64.0,2.34,0.0,13.61,95.0,30,60,5,3,8
2017-08-11,21.83,60.15,35.39,2.34,0.0,13.61,58.0,30,60,5,4,8
2017-08-12,26.54,60.15,88.07,2.34,0.0,13.61,45.0,30,60,5,5,8
2017-08-13,26.54,60.15,88.07,2.34,0.0,13.61,59.0,30,60,5,6,8
2017-08-14,26.54,60.15,88.07,2.34,0.0,13.61,59.0,30,60,5,0,8
2017-08-15,30.12,60.15,49.91,2.34,0.0,13.61,59.0,30,60,5,1,8
2017-08-16,35.23,60.15,64.66,2.34,0.0,13.61,53.0,30,60,5,2,8
2017-08-17,39.6,60.15,68.78,2.34,0.0,13.61,66.0,30,60,5,3,8
2017-08-18,46.25,60.15,60.15,2.34,0.0,13.61,70.0,30,60,5,4,8
2017-08-19,35.48,60.15,39.67,2.34,0.0,13.61,70.0,30,60,5,5,8
2017-08-20,22.15,60.15,30.28,2.34,0.0,13.61,63.0,30,60,5,6,8
2017-08-21,25.5,60.15,24.42,2.34,0.0,13.61,42.0,30,60,5,0,8
2017-08-22,46.0,60.15,38.7,2.34,0.0,13.61,58.0,30,60,5,1,8
2017-08-23,36.54,60.15,43.43,2.34,0.0,13.61,58.0,30,60,5,2,8
2017-08-24,47.79,60.15,45.26,2.34,0.0,13.61,58.0,30,60,5,3,8
2017-08-25,51.33,60.15,39.3,2.34,0.0,13.61,104.0,30,60,5,4,8
2017-08-26,62.33,60.15,37.65,2.34,0.0,13.61,73.0,30,60,5,5,8
2017-08-27,34.3,60.15,34.06,2.34,0.0,13.61,73.0,30,60,5,6,8
2017-08-28,23.82,60.15,27.89,2.34,0.0,13.61,73.0,30,60,5,0,8
2017-08-29,15.23,60.15,69.8,7.13,0.0,27.78,73.0,30,60,5,1,8
2017-08-30,20.5,60.15,101.89,7.13,0.0,27.78,73.0,30,60,5,2,8
2017-08-31,41.62,60.15,50.7,7.13,0.76,27.78,94.0,30,60,5,3,8
2017-09-01,25.58,41.64,26.64,7.13,0.54,24.03,91.0,30,60,5,4,9
2017-09-02,20.06,45.86,26.09,7.13,0.48,25.0,88.0,30,60,5,5,9
2017-09-03,38.19,79.78,27.32,7.13,0.4,25.07,88.0,30,60,5,6,9
2017-09-04,47.89,84.29,25.85,7.13,0.36,24.93,89.0,30,60,5,0,9
2017-09-05,35.61,75.82,30.29,7.13,0.37,25.08,88.0,30,60,5,1,9
2017-09-06,39.41,85.23,35.92,7.13,0.33,24.95,88.0,30,60,5,2,9
2017-09-07,40.34,67.06,23.75,7.13,0.36,24.93,88.0,30,60,5,3,9
2017-09-08,51.7,101.89,16.52,7.13,0.49,25.88,106.0,30,60,5,4,9
2017-09-09,54.83,111.65,17.54,7.13,0.45,25.77,96.0,30,60,5,5,9
2017-09-10,60.46,119.5,19.76,7.13,0.48,26.39,118.0,30,60,5,6,9
2017-09-11,63.97,120.06,20.25,7.13,0.45,27.92,119.0,30,60,5,0,9
2017-09-12,46.65,103.84,16.56,7.13,0.42,24.84,106.0,30,60,5,1,9
2017-09-13,54.77,143.16,10.76,7.13,0.13,24.38,115.0,30,60,5,2,9
2017-09-14,80.47,186.11,31.88,7.13,0.12,26.98,142.0,30,60,5,3,9
2017-09-15,64.37,127.68,34.75,7.13,0.36,27.32,169.0,30,60,5,4,9
2017-09-16,51.56,82.26,36.6,7.13,0.44,26.7,110.0,30,60,5,5,9
2017-09-17,53.05,85.65,37.33,7.13,0.33,26.7,106.0,30,60,5,6,9
2017-09-18,60.83,102.29,56.67,7.13,0.21,30.08,99.0,30,60,5,0,9
2017-09-19,55.55,112.21,34.72,7.13,0.43,28.73,109.0,30,60,5,1,9
2017-09-20,70.81,111.9,21.49,7.13,0.44,31.95,137.0,30,60,5,2,9
2017-09-21,55.93,76.81,22.74,7.13,0.46,23.1,144.0,30,60,5,3,9
2017-09-22,11.81,18.59,22.4,7.13,0.32,24.88,92.0,30,60,5,4,9
2017-09-23,17.76,43.57,18.63,7.13,0.35,22.19,83.0,30,60,5,5,9
2017-09-24,35.5,81.42,17.01,7.13,0.37,22.63,84.0,30,60,5,6,9
2017-09-25,50.09,100.02,27.25,7.13,0.37,24.48,104.0,30,60,5,0,9
2017-09-26,66.12,114.15,27.52,7.13,0.6,30.45,131.0,30,60,5,1,9
2017-09-27,80.94,125.39,21.39,6.62,0.61,29.26,165.0,30,60,5,2,9
2017-09-28,75.4,102.91,38.55,6.08,0.43,34.06,176.0,30,60,5,3,9
2017-09-29,89.38,140.94,29.45,7.17,0.45,40.26,172.0,30,60,5,4,9
2017-09-30,74.2,125.73,26.08,6.64,0.3,38.44,137.0,30,60,5,5,9
2017-10-01,68.47,120.56,28.66,3.46,0.46,32.9,131.0,30,60,5,6,10
2017-10-02,63.41,128.15,25.2,2.94,0.43,30.1,132.0,30,60,5,0,10
2017-10-03,69.45,127.48,26.09,5.81,0.2,34.34,115.0,30,60,5,1,10
2017-10-04,76.81,138.81,28.99,11.7,0.19,35.79,151.0,30,60,5,2,10
2017-10-05,75.73,125.31,24.45,11.96,0.27,36.81,180.0,30,60,5,3,10
2017-10-06,79.81,111.43,27.44,13.91,0.33,38.67,183.0,30,60,5,4,10
2017-10-07,70.98,151.15,25.61,22.29,0.32,34.44,193.0,30,60,5,5,10
2017-10-08,102.2,155.03,24.51,24.0,0.24,35.32,224.0,30,60,5,6,10
2017-10-09,107.63,173.87,27.06,23.51,0.24,31.11,268.0,30,60,5,0,10
2017-10-10,105.88,158.68,31.67,7.6,0.26,30.89,253.0,30,60,5,1,10
2017-10-11,104.45,122.3,30.92,6.57,0.25,29.67,208.0,30,60,5,2,10
2017-10-12,106.85,186.91,31.1,7.65,0.33,35.14,211.0,30,60,5,3,10
2017-10-13,137.42,207.87,29.16,9.36,0.33,37.98,246.0,30,60,5,4,10
2017-10-14,147.07,208.87,30.14,14.64,0.37,42.39,319.0,30,60,5,5,10
2017-10-15,147.83,195.47,30.0,14.31,0.33,37.15,317.0,30,60,5,6,10
2017-10-16,152.61,213.98,58.53,23.09,1.02,30.49,310.0,30,60,5,0,10
2017-10-17,121.7,212.35,57.08,17.44,1.36,30.46,313.0,30,60,5,1,10
2017-10-18,152.16,204.03,63.15,27.42,1.05,35.86,310.0,30,60,5,2,10
2017-10-19,176.17,259.0,53.51,22.15,1.18,36.35,336.0,30,60,5,3,10
2017-10-20,426.52,387.13,54.76,36.85,1.06,41.14,497.0,30,60,5,4,10
2017-10-21,213.12,317.52,50.13,20.55,1.46,34.52,404.0,30,60,5,5,10
2017-10-22,146.01,201.91,55.88,24.42,0.93,34.88,338.0,30,60,5,6,10
2017-10-23,163.35,242.73,64.25,27.79,1.45,52.91,327.0,30,60,5,0,10
2017-10-24,188.24,331.64,81.33,23.19,1.51,86.13,366.0,30,60,5,1,10
2017-10-25,203.03,326.46,80.62,23.77,1.01,106.16,357.0,30,60,5,2,10
2017-10-26,178.91,290.41,90.56,24.12,1.15,99.71,328.0,30,60,5,3,10
2017-10-27,167.54,293.68,65.44,21.24,0.98,82.93,345.0,30,60,5,4,10
2017-10-28,198.37,329.05,84.45,27.88,0.9,110.71,379.0,30,60,5,5,10
2017-10-29,187.82,300.92,60.61,25.08,1.16,83.99,362.0,30,60,5,6,10
2017-10-30,196.37,308.22,69.51,23.68,1.47,88.38,340.0,30,60,5,0,10
2017-10-31,211.64,323.45,53.08,19.36,1.84,65.34,366.0,30,60,5,1,10
2017-11-01,179.17,265.9,46.83,16.01,1.13,56.79,344.0,30,60,5,2,11
2017-11-02,160.69,227.41,47.7,17.19,1.4,61.91,305.0,30,60,5,3,11
2017-11-03,168.16,239.73,46.49,15.29,1.31,62.16,310.0,30,60,5,4,11
2017-11-04,190.33,292.7,47.28,18.87,1.83,73.16,345.0,30,60,5,5,11
2017-11-05,209.61,334.64,60.56,19.55,2.33,86.74,370.0,30,60,5,6,11
2017-11-06,216.53,330.27,57.27,18.74,1.94,72.82,377.0,30,60,5,0,11
2017-11-07,517.93,654.68,65.17,15.29,2.37,56.06,532.0,30,60,5,1,11
2017-11-08,639.19,796.88,77.51,20.46,2.74,55.51,675.0,30,60,5,2,11
2017-11-09,495.9,652.21,81.67,15.68,2.37,86.62,677.0,30,60,5,3,11
2017-11-10,370.73,496.48,80.73,17.84,2.45,104.94,597.0,30,60,5,4,11
2017-11-11,363.77,511.44,78.61,17.8,2.32,95.54,471.0,30,60,5,5,11
2017-11-12,465.08,622.4,70.1,13.94,2.44,88.03,613.0,30,60,5,6,11
2017-11-13,354.56,498.63,65.77,15.58,2.33,94.42,561.0,30,60,5,0,11
2017-11-14,254.36,365.91,56.46,13.67,1.74,69.5,444.0,30,60,5,1,11
2017-11-15,192.04,279.26,57.85,19.24,1.64,60.28,378.0,30,60,5,2,11
2017-11-16,191.57,278.95,53.86,22.89,1.55,62.01,357.0,30,60,5,3,11
2017-11-17,150.79,220.08,47.38,16.32,1.51,47.92,330.0,30,60,5,4,11
2017-11-18,143.51,202.59,43.91,13.3,1.16,37.68,309.0,30,60,5,5,11
2017-11-19,128.65,190.51,45.6,15.12,1.2,47.8,297.0,30,60,5,6,11
2017-11-20,171.34,249.28,52.73,13.7,1.3,54.08,329.0,30,60,5,0,11
2017-11-21,178.08,253.38,54.75,15.02,1.52,57.13,341.0,30,60,5,1,11
2017-11-22,177.41,258.11,54.64,18.13,1.51,57.6,348.0,30,60,5,2,11
2017-11-23,175.56,251.23,55.04,18.32,1.55,54.34,340.0,30,60,5,3,11
2017-11-24,187.97,256.92,64.15,19.2,1.65,54.02,348.0,30,60,5,4,11
2017-11-25,185.31,268.09,76.48,17.95,1.74,48.1,347.0,30,60,5,5,11
2017-11-26,224.37,338.82,67.6,21.01,1.97,44.82,368.0,30,60,5,6,11
2017-11-27,198.34,328.09,68.93,18.95,1.64,41.09,382.0,30,60,5,0,11
2017-11-28,167.74,290.47,62.53,19.39,1.76,34.78,360.0,30,60,5,1,11
2017-11-29,215.17,327.64,75.37,20.1,2.31,40.91,359.0,30,60,5,2,11
2017-11-30,219.84,344.17,57.73,16.83,2.11,44.4,388.0,30,60,5,3,11
2017-12-01,190.45,309.07,56.83,17.59,1.83,31.62,377.0,30,60,5,4,12
2017-12-02,208.87,324.46,65.66,20.17,2.1,36.62,356.0,30,60,5,5,12
2017-12-03,240.87,359.22,65.83,19.92,2.28,37.61,384.0,30,60,5,6,12
2017-12-04,261.82,390.1,65.49,20.17,2.49,32.64,415.0,30,60,5,0,12
2017-12-05,230.56,358.86,64.61,18.29,2.41,50.69,404.0,30,60,5,1,12
2017-12-06,120.91,210.21,51.02,20.88,1.65,43.68,330.0,30,60,5,2,12
2017-12-07,88.95,170.12,45.83,18.17,1.49,41.43,215.0,30,60,5,3,12
2017-12-08,115.08,204.38,53.85,21.69,1.56,50.26,220.0,30,60,5,4,12
2017-12-09,165.76,268.35,70.14,24.22,1.77,68.58,312.0,30,60,5,5,12
2017-12-10,230.34,341.87,83.94,25.97,2.18,90.07,389.0,30,60,5,6,12
2017-12-11,218.87,338.45,71.25,24.39,2.28,66.07,406.0,30,60,5,0,12
2017-12-12,109.18,152.76,45.94,11.71,1.51,38.75,280.0,30,60,5,1,12
2017-12-13,134.99,203.48,40.27,10.81,1.34,46.28,263.0,30,60,5,2,12
2017-12-14,126.67,189.9,36.59,11.18,1.31,42.19,276.0,30,60,5,3,12
2017-12-15,127.57,194.15,34.73,9.69,1.28,38.04,292.0,30,60,5,4,12
2017-12-16,100.72,152.72,29.84,4.98,1.06,23.98,228.0,30,60,5,5,12
2017-12-17,95.58,163.65,37.37,12.68,1.2,36.4,195.0,30,60,5,6,12
2017-12-18,115.19,189.64,45.8,16.97,1.28,45.37,223.0,30,60,5,0,12
2017-12-19,168.33,257.19,54.84,23.03,1.48,49.68,291.0,30,60,5,1,12
2017-12-20,283.24,410.74,66.41,25.0,1.91,67.35,378.0,30,60,5,2,12
2017-12-21,293.14,435.23,61.63,22.54,1.45,66.06,467.0,30,60,5,3,12
2017-12-22,157.72,241.38,50.73,20.47,1.17,48.84,370.0,30,60,5,4,12
2017-12-23,117.72,181.59,50.97,19.95,1.54,43.85,253.0,30,60,5,5,12
2017-12-24,203.18,301.71,66.65,23.73,1.74,59.85,309.0,30,60,5,6,12
2017-12-25,259.0,368.35,58.92,23.76,1.68,56.1,398.0,30,60,5,0,12
2017-12-26,224.42,326.11,57.6,22.1,1.57,38.93,372.0,30,60,5,1,12
2017-12-27,224.27,317.87,65.61,23.17,1.69,58.98,379.0,30,60,5,2,12
2017-12-28,249.17,362.39,70.25,25.51,1.86,66.0,398.0,30,60,5,3,12
2017-12-29,227.28,347.63,59.7,25.54,1.7,61.36,399.0,30,60,5,4,12
2017-12-30,273.56,401.15,60.4,21.01,1.96,61.73,421.0,30,60,5,5,12
2017-12-31,306.17,445.58,66.97,17.97,1.95,76.45,451.0,30,60,5,6,12
2018-01-01,303.41,415.09,63.92,18.58,1.8,68.75,462.0,30,60,5,0,1
2018-01-02,277.48,422.59,53.73,12.43,1.52,68.68,439.0,30,60,5,1,1
2018-01-03,217.01,336.87,52.24,10.28,1.29,54.94,405.0,30,60,5,2,1
2018-01-04,248.54,377.61,61.57,14.42,1.36,66.31,394.0,30,60,5,3,1
2018-01-05,240.42,360.99,54.8,13.2,1.38,48.57,398.0,30,60,5,4,1
2018-01-06,252.57,378.9,59.12,18.15,1.59,39.65,403.0,30,60,5,5,1
2018-01-07,191.66,292.74,47.02,16.27,1.3,57.39,384.0,30,60,5,6,1
2018-01-08,152.98,259.13,51.6,17.15,1.33,54.55,314.0,30,60,5,0,1
2018-01-09,233.1,355.21,66.19,21.82,1.54,66.79,373.0,30,60,5,1,1
2018-01-10,186.26,294.24,60.21,18.98,1.4,58.51,366.0,30,60,5,2,1
2018-01-11,154.64,243.95,63.57,17.4,1.47,56.22,318.0,30,60,5,3,1
2018-01-12,168.87,281.06,65.3,24.03,1.56,62.37,306.0,30,60,5,4,1
2018-01-13,230.5,355.43,61.28,24.28,2.12,75.14,370.0,30,60,5,5,1
2018-01-14,191.47,308.74,54.37,22.47,1.72,64.8,365.0,30,60,5,6,1
2018-01-15,177.71,309.85,52.51,19.12,1.42,59.73,352.0,30,60,5,0,1
2018-01-16,133.56,231.04,46.86,19.06,1.36,54.0,278.0,30,60,5,1,1
2018-01-17,235.06,353.55,47.86,14.48,1.61,64.1,350.0,30,60,5,2,1
2018-01-18,276.25,428.08,55.08,21.02,2.04,72.89,411.0,30,60,5,3,1
2018-01-19,253.7,398.16,49.45,22.27,1.82,73.6,451.0,30,60,5,4,1
2018-01-20,152.33,252.92,38.87,14.45,1.31,43.18,351.0,30,60,5,5,1
2018-01-21,153.61,274.5,44.09,16.91,1.51,41.49,310.0,30,60,5,6,1
2018-01-22,202.11,352.68,56.45,21.64,1.87,68.33,362.0,30,60,5,0,1
2018-01-23,160.79,248.48,47.26,14.25,1.43,48.67,343.0,30,60,5,1,1
2018-01-24,130.16,192.19,35.33,11.9,1.32,42.04,286.0,30,60,5,2,1
2018-01-25,111.75,167.31,40.13,6.84,1.37,43.99,267.0,30,60,5,3,1
2018-01-26,128.45,207.66,38.17,7.99,1.43,44.09,263.0,30,60,5,4,1
2018-01-27,155.2,271.1,45.14,7.94,1.4,56.12,284.0,30,60,5,5,1
2018-01-28,150.96,248.26,47.6,10.26,1.85,54.01,334.0,30,60,5,6,1
2018-01-29,162.48,272.45,54.51,12.61,1.96,60.56,332.0,30,60,5,0,1
2018-01-30,126.84,212.59,47.59,14.47,2.0,56.85,300.0,30,60,5,1,1
2018-01-31,123.48,205.56,45.46,11.35,2.52,53.7,271.0,30,60,5,2,1
2018-02-01,157.33,298.58,63.88,18.67,1.62,60.7,293.0,30,60,5,3,2
2018-02-02,140.35,282.16,54.28,12.25,1.49,52.12,318.0,30,60,5,4,2
2018-02-03,115.05,239.61,51.46,14.2,1.29,52.29,277.0,30,60,5,5,2
2018-02-04,133.8,252.13,46.74,13.2,1.3,52.23,284.0,30,60,5,6,2
2018-02-05,163.6,308.37,63.42,14.77,1.33,43.11,313.0,30,60,5,0,2
2018-02-06,143.29,274.72,56.51,14.94,1.21,41.11,324.0,30,60,5,1,2
2018-02-07,131.49,246.92,54.53,14.58,1.18,49.34,287.0,30,60,5,2,2
2018-02-08,186.19,338.61,74.83,13.8,1.75,45.91,334.0,30,60,5,3,2
2018-02-09,203.33,348.94,74.5,14.35,1.7,49.11,375.0,30,60,5,4,2
2018-02-10,209.7,373.06,99.06,13.77,2.55,53.31,378.0,30,60,5,5,2
2018-02-11,148.13,300.96,62.4,14.45,1.56,43.54,350.0,30,60,5,6,2
2018-02-12,72.36,153.11,33.08,8.58,0.97,37.47,218.0,30,60,5,0,2
2018-02-13,103.93,170.12,46.48,10.25,1.21,38.83,189.0,30,60,5,1,2
2018-02-14,76.92,149.43,34.92,9.03,0.96,38.43,217.0,30,60,5,2,2
2018-02-15,94.49,173.59,38.54,11.47,1.03,40.95,189.0,30,60,5,3,2
2018-02-16,123.19,219.11,48.33,12.49,1.21,38.4,248.0,30,60,5,4,2
2018-02-17,127.8,244.27,49.9,15.01,1.27,44.13,277.0,30,60,5,5,2
2018-02-18,127.27,234.67,50.94,12.17,1.36,45.75,284.0,30,60,5,6,2
2018-02-19,172.55,315.75,71.76,15.25,1.96,49.74,321.0,30,60,5,0,2
2018-02-20,167.16,317.53,68.29,14.53,1.89,51.27,335.0,30,60,5,1,2
2018-02-21,172.99,346.46,92.54,13.97,2.42,57.47,347.0,30,60,5,2,2
2018-02-22,159.67,313.47,66.4,15.89,1.8,47.69,333.0,30,60,5,3,2
2018-02-23,163.75,333.99,70.77,16.26,1.81,48.62,331.0,30,60,5,4,2
2018-02-24,164.2,349.29,62.66,15.09,1.52,55.26,347.0,30,60,5,5,2
2018-02-25,106.26,222.46,42.88,14.34,1.0,43.87,317.0,30,60,5,6,2
2018-02-26,67.27,156.72,33.59,9.64,0.88,43.19,170.0,30,60,5,0,2
2018-02-27,85.53,178.51,43.12,10.72,1.15,40.51,167.0,30,60,5,1,2
2018-02-28,143.25,279.26,52.5,14.52,1.47,46.16,274.0,30,60,5,2,2
2018-03-01,120.71,256.86,51.74,14.9,1.43,40.69,293.0,30,60,5,3,3
2018-03-02,139.18,253.32,50.64,11.52,1.64,45.55,300.0,30,60,5,4,3
2018-03-03,98.25,205.92,41.07,12.93,1.18,38.38,244.0,30,60,5,5,3
2018-03-04,79.83,182.26,39.02,12.95,0.99,34.95,205.0,30,60,5,6,3
2018-03-05,76.96,164.74,39.58,12.7,0.99,40.45,180.0,30,60,5,0,3
2018-03-06,75.45,163.52,37.92,12.99,0.94,44.99,170.0,30,60,5,1,3
2018-03-07,87.62,178.53,45.6,13.23,1.11,45.24,192.0,30,60,5,2,3
2018-03-08,139.88,283.57,79.5,16.98,1.84,57.76,262.0,30,60,5,3,3
2018-03-09,134.76,274.89,65.86,18.68,1.64,52.43,316.0,30,60,5,4,3
2018-03-10,75.67,171.69,39.85,14.8,0.95,41.74,207.0,30,60,5,5,3
2018-03-11,88.3,183.74,41.81,15.41,1.08,46.28,179.0,30,60,5,6,3
2018-03-12,105.29,223.67,45.32,17.48,1.18,44.49,236.0,30,60,5,0,3
2018-03-13,109.22,245.66,56.5,17.22,1.54,43.79,241.0,30,60,5,1,3
2018-03-14,116.62,328.98,64.82,17.39,1.63,48.03,287.0,30,60,5,2,3
2018-03-15,108.98,314.72,48.86,16.08,1.23,37.77,314.0,30,60,5,3,3
2018-03-16,111.67,256.67,41.48,16.61,1.09,43.04,269.0,30,60,5,4,3
2018-03-17,81.57,170.16,32.61,13.63,1.09,37.89,218.0,30,60,5,5,3
2018-03-18,82.15,173.07,31.72,17.22,1.2,45.83,177.0,30,60,5,6,3
2018-03-19,81.93,197.13,43.85,16.95,1.1,44.89,177.0,30,60,5,0,3
2018-03-20,109.99,249.2,55.71,20.52,1.42,51.95,224.0,30,60,5,1,3
2018-03-21,133.53,280.94,45.33,24.36,1.36,52.82,302.0,30,60,5,2,3
2018-03-22,83.4,176.02,33.49,17.14,1.0,45.99,226.0,30,60,5,3,3
2018-03-23,64.2,151.45,34.53,12.75,0.89,46.6,171.0,30,60,5,4,3
2018-03-24,78.4,186.62,37.32,14.56,0.91,50.02,183.0,30,60,5,5,3
2018-03-25,85.34,190.95,34.66,15.57,0.96,54.47,202.0,30,60,5,6,3
2018-03-26,85.9,198.67,41.2,16.28,1.06,52.72,203.0,30,60,5,0,3
2018-03-27,111.26,256.4,60.75,18.5,1.52,49.55,246.0,30,60,5,1,3
2018-03-28,117.78,280.25,71.04,16.27,1.74,57.85,293.0,30,60,5,2,3
2018-03-29,95.98,217.49,41.56,16.53,1.01,57.43,238.0,30,60,5,3,3
2018-03-30,96.45,241.13,45.84,15.95,1.11,58.75,234.0,30,60,5,4,3
2018-03-31,101.59,292.49,44.76,16.59,1.17,67.56,269.0,30,60,5,5,3
2018-04-01,75.14,199.8,37.97,14.13,1.01,68.76,217.0,30,60,5,6,4
2018-04-02,96.38,241.96,48.52,16.54,1.22,64.33,217.0,30,60,5,0,4
2018-04-03,101.18,252.21,51.63,17.36,1.28,67.6,239.0,30,60,5,1,4
2018-04-04,111.82,262.69,52.51,16.58,1.44,65.46,244.0,30,60,5,2,4
2018-04-05,152.56,337.64,60.24,19.67,1.76,64.73,329.0,30,60,5,3,4
2018-04-06,100.5,231.2,44.92,19.96,1.42,54.04,271.0,30,60,5,4,4
2018-04-07,48.46,132.97,36.94,10.48,1.12,54.42,170.0,30,60,5,5,4
2018-04-08,50.27,137.52,34.29,10.5,1.09,56.29,142.0,30,60,5,6,4
2018-04-09,49.56,123.41,39.45,10.77,1.35,42.76,133.0,30,60,5,0,4
2018-04-10,93.89,251.98,45.16,12.65,1.57,60.94,205.0,30,60,5,1,4
2018-04-11,48.61,125.53,32.33,11.21,0.99,46.34,179.0,30,60,5,2,4
2018-04-12,46.21,109.03,40.94,10.07,1.3,48.2,135.0,30,60,5,3,4
2018-04-13,83.96,196.02,54.68,13.37,1.78,47.74,201.0,30,60,5,4,4
2018-04-14,97.16,235.01,59.41,15.77,2.12,47.69,233.0,30,60,5,5,4
2018-04-15,107.36,258.52,67.79,17.56,2.26,53.47,240.0,30,60,5,6,4
2018-04-16,119.75,334.05,76.17,21.02,2.51,55.85,296.0,30,60,5,0,4
2018-04-17,81.97,260.67,57.84,13.57,1.56,49.19,266.0,30,60,5,1,4
2018-04-18,73.44,256.18,40.44,13.29,1.04,51.01,216.0,30,60,5,2,4
2018-04-19,89.49,282.24,51.78,16.76,1.19,53.3,242.0,30,60,5,3,4
2018-04-20,100.01,385.04,40.56,15.55,0.91,48.98,271.0,30,60,5,4,4
2018-04-21,119.24,480.07,30.99,12.08,0.89,61.05,444.0,30,60,5,5,4
2018-04-22,62.06,208.53,31.63,16.92,0.85,60.81,302.0,30,60,5,6,4
2018-04-23,76.11,219.94,39.43,12.89,1.03,63.78,197.0,30,60,5,0,4
2018-04-24,108.64,274.05,57.07,17.01,1.28,59.45,242.0,30,60,5,1,4
2018-04-25,117.56,313.41,82.47,15.1,2.02,48.81,287.0,30,60,5,2,4
2018-04-26,142.82,397.1,78.5,17.89,2.09,65.07,329.0,30,60,5,3,4
2018-04-27,107.47,336.49,49.86,12.96,1.41,69.49,351.0,30,60,5,4,4
2018-04-28,84.13,316.52,36.11,12.38,1.14,75.5,288.0,30,60,5,5,4
2018-04-29,89.1,259.12,42.57,16.1,1.26,69.07,259.0,30,60,5,6,4
2018-04-30,79.3,214.51,46.42,11.9,1.12,60.39,221.0,30,60,5,0,4
2018-05-01,54.88,165.91,33.37,8.8,0.81,65.54,173.0,30,60,5,1,5
2018-05-02,66.74,189.28,34.14,7.65,1.02,64.55,161.0,30,60,5,2,5
2018-05-03,47.25,153.75,31.77,9.52,1.23,50.16,167.0,30,60,5,3,5
2018-05-04,49.09,123.82,30.44,9.06,1.17,59.09,146.0,30,60,5,4,5
2018-05-05,74.82,196.76,46.75,11.85,1.74,59.48,174.0,30,60,5,5,5
2018-05-06,110.48,290.63,53.69,14.61,2.05,57.57,280.0,30,60,5,6,5
2018-05-07,111.95,302.1,54.75,16.31,2.2,57.48,243.0,30,60,5,0,5
2018-05-08,61.0,177.71,27.66,6.97,1.31,61.42,252.0,30,60,5,1,5
2018-05-09,71.99,177.76,46.09,12.35,1.46,53.1,168.0,30,60,5,2,5
2018-05-10,93.45,215.34,52.15,12.02,2.41,57.78,218.0,30,60,5,3,5
2018-05-11,132.39,315.8,65.41,16.58,2.73,65.24,292.0,30,60,5,4,5
2018-05-12,144.33,353.5,74.13,17.75,3.2,67.9,330.0,30,60,5,5,5
2018-05-13,80.64,236.35,31.22,11.48,2.1,67.88,285.0,30,60,5,6,5
2018-05-14,49.22,137.39,40.3,11.3,2.05,56.2,174.0,30,60,5,0,5
2018-05-15,67.23,177.03,39.81,11.9,1.91,62.52,173.0,30,60,5,1,5
2018-05-16,78.74,221.21,41.79,9.25,1.11,54.41,194.0,30,60,5,2,5
2018-05-17,105.99,288.92,44.14,13.61,0.85,70.39,240.0,30,60,5,3,5
2018-05-18,96.96,241.99,53.88,13.97,1.07,58.67,254.0,30,60,5,4,5
2018-05-19,103.98,284.44,65.52,12.48,1.46,57.66,270.0,30,60,5,5,5
2018-05-20,83.66,228.61,45.88,12.65,1.08,55.77,231.0,30,60,5,6,5
2018-05-21,71.25,209.67,42.68,12.73,0.91,60.27,208.0,30,60,5,0,5
2018-05-22,91.16,243.14,59.07,15.56,1.17,59.41,207.0,30,60,5,1,5
2018-05-23,129.23,324.0,77.28,17.57,1.66,59.46,306.0,30,60,5,2,5
2018-05-24,114.13,298.07,57.51,17.78,1.34,53.43,303.0,30,60,5,3,5
2018-05-25,83.88,249.82,59.34,12.73,1.31,48.95,260.0,30,60,5,4,5
2018-05-26,103.02,263.49,64.88,14.9,1.47,49.85,244.0,30,60,5,5,5
2018-05-27,97.37,314.96,58.31,11.59,1.1,56.75,268.0,30,60,5,6,5
2018-05-28,117.56,290.96,54.01,15.54,1.33,59.11,276.0,30,60,5,0,5
2018-05-29,112.6,312.18,60.34,11.93,1.4,59.1,303.0,30,60,5,1,5
2018-05-30,65.76,295.94,33.21,8.58,0.95,59.9,272.0,30,60,5,2,5
2018-05-31,71.99,235.22,40.76,9.71,1.0,50.6,223.0,30,60,5,3,5
2018-06-01,79.98,233.97,30.14,8.24,0.81,58.87,196.0,30,60,5,4,6
2018-06-02,52.6,154.66,29.28,9.08,0.98,60.12,183.0,30,60,5,5,6
2018-06-03,59.52,140.21,31.51,7.79,0.84,57.87,154.0,30,60,5,6,6
2018-06-04,64.42,179.31,30.68,8.14,0.81,57.03,170.0,30,60,5,0,6
2018-06-05,61.72,152.57,27.67,7.51,0.82,48.46,160.0,30,60,5,1,6
2018-06-06,57.68,159.45,31.11,9.34,0.88,48.47,146.0,30,60,5,2,6
2018-06-07,73.77,165.33,33.8,10.1,0.96,60.18,166.0,30,60,5,3,6
2018-06-08,76.78,196.34,31.27,7.75,0.95,54.22,180.0,30,60,5,4,6
2018-06-09,52.79,136.75,27.39,6.41,0.9,41.95,153.0,30,60,5,5,6
2018-06-10,67.02,141.09,34.23,7.35,0.93,45.16,153.0,30,60,5,6,6
2018-06-11,73.22,218.14,34.85,6.94,0.9,46.66,186.0,30,60,5,0,6
2018-06-12,141.28,497.9,31.72,8.73,0.87,37.85,285.0,30,60,5,1,6
2018-06-13,261.77,743.98,25.75,6.91,0.77,27.45,453.0,30,60,5,2,6
2018-06-14,225.49,761.91,25.37,7.22,0.72,43.38,522.0,30,60,5,3,6
2018-06-15,153.28,613.34,24.61,7.31,0.7,40.15,593.0,30,60,5,4,6
2018-06-16,127.32,516.85,25.0,7.29,0.68,45.76,531.0,30,60,5,5,6
2018-06-17,84.47,289.18,22.78,6.18,0.68,44.56,384.0,30,60,5,6,6
2018-06-18,61.06,166.71,26.68,7.71,0.77,46.41,179.0,30,60,5,0,6
2018-06-19,52.76,152.06,26.52,6.5,0.68,53.39,146.0,30,60,5,1,6
2018-06-20,67.55,201.22,33.71,10.05,0.77,60.2,175.0,30,60,5,2,6
2018-06-21,76.98,273.16,34.82,9.73,0.75,66.75,221.0,30,60,5,3,6
2018-06-22,83.98,247.55,45.06,12.38,0.99,64.38,249.0,30,60,5,4,6
2018-06-23,81.33,242.29,44.23,11.68,0.96,66.18,228.0,30,60,5,5,6
2018-06-24,54.15,163.89,34.98,13.73,0.77,59.17,194.0,30,60,5,6,6
2018-06-25,46.9,155.61,34.92,12.17,0.74,39.06,168.0,30,60,5,0,6
2018-06-26,29.98,92.12,34.16,13.16,0.72,33.09,128.0,30,60,5,1,6
2018-06-27,52.48,111.4,31.0,10.43,0.84,44.04,126.0,30,60,5,2,6
2018-06-28,30.07,71.42,29.01,8.48,0.76,33.17,99.0,30,60,5,3,6
2018-06-29,37.11,84.12,30.43,9.36,0.87,31.43,90.0,30,60,5,4,6
2018-06-30,41.41,103.75,32.89,9.55,0.91,31.21,113.0,30,60,5,5,6
2018-07-01,34.18,97.81,28.46,8.53,0.78,28.09,102.0,30,60,5,6,7
2018-07-02,34.24,122.23,25.74,8.82,0.65,33.79,111.0,30,60,5,0,7
2018-07-03,44.55,109.65,37.27,10.11,0.86,39.78,122.0,30,60,5,1,7
2018-07-04,45.76,113.75,31.17,10.14,0.78,45.71,128.0,30,60,5,2,7
2018-07-05,50.41,133.6,38.05,11.14,0.95,41.14,130.0,30,60,5,3,7
2018-07-06,57.12,163.19,36.71,10.27,0.94,40.01,147.0,30,60,5,4,7
2018-07-07,61.93,158.13,34.43,10.4,0.9,53.82,155.0,30,60,5,5,7
2018-07-08,68.2,179.05,39.85,11.6,0.98,65.27,176.0,30,60,5,6,7
2018-07-09,70.48,169.96,35.14,11.0,0.93,54.8,168.0,30,60,5,0,7
2018-07-10,47.48,112.45,28.19,10.92,0.81,43.89,140.0,30,60,5,1,7
2018-07-11,39.78,102.39,31.82,11.26,0.84,34.6,111.0,30,60,5,2,7
2018-07-12,46.53,127.08,34.22,10.92,0.76,45.16,130.0,30,60,5,3,7
2018-07-13,28.44,61.6,31.94,10.69,0.88,26.96,109.0,30,60,5,4,7
2018-07-14,33.82,70.35,31.63,11.13,0.84,29.2,96.0,30,60,5,5,7
2018-07-15,37.76,78.42,28.9,10.64,0.78,28.01,92.0,30,60,5,6,7
2018-07-16,37.32,83.03,33.31,9.51,0.96,23.59,95.0,30,60,5,0,7
2018-07-17,34.26,84.78,30.73,10.2,0.87,31.96,105.0,30,60,5,1,7
2018-07-18,37.76,97.11,29.45,11.04,0.82,32.43,114.0,30,60,5,2,7
2018-07-19,35.04,83.54,27.41,11.14,0.8,31.96,106.0,30,60,5,3,7
2018-07-20,37.26,80.33,33.46,10.4,0.89,24.18,90.0,30,60,5,4,7
2018-07-21,50.21,95.93,36.48,11.2,0.97,32.23,114.0,30,60,5,5,7
2018-07-22,25.81,47.63,27.55,9.85,0.83,24.91,87.0,30,60,5,6,7
2018-07-23,32.39,69.73,28.74,10.43,0.81,26.11,80.0,30,60,5,0,7
2018-07-24,39.3,94.8,29.15,10.78,0.83,34.46,101.0,30,60,5,1,7
2018-07-25,34.7,80.13,27.58,9.99,0.81,21.39,90.0,30,60,5,2,7
2018-07-26,32.22,57.98,25.1,9.27,0.89,18.6,90.0,30,60,5,3,7
2018-07-27,21.75,35.79,23.41,9.13,0.91,19.82,68.0,30,60,5,4,7
2018-07-28,37.69,67.2,21.59,9.55,0.73,24.11,71.0,30,60,5,5,7
2018-07-29,44.03,116.89,25.02,9.37,0.74,26.19,100.0,30,60,5,6,7
2018-07-30,39.89,122.86,25.06,8.96,0.8,28.09,122.0,30,60,5,0,7
2018-07-31,50.59,165.4,28.84,9.12,0.91,27.81,135.0,30,60,5,1,7
2018-08-01,55.77,195.09,26.14,9.71,0.94,29.94,155.0,30,60,5,2,8
2018-08-02,71.5,268.29,25.2,10.22,0.86,29.3,215.0,30,60,5,3,8
2018-08-03,65.46,248.8,26.08,9.48,0.78,28.1,228.0,30,60,5,4,8
2018-08-04,69.75,264.97,28.77,9.61,0.76,29.61,215.0,30,60,5,5,8
2018-08-05,63.57,246.89,24.82,9.86,0.71,25.4,234.0,30,60,5,6,8
2018-08-06,50.64,131.76,26.59,9.4,0.9,27.42,166.0,30,60,5,0,8
2018-08-07,44.54,110.19,26.15,10.65,0.98,32.06,123.0,30,60,5,1,8
2018-08-08,36.7,76.04,25.24,9.47,1.02,31.12,108.0,30,60,5,2,8
2018-08-09,36.84,91.15,24.98,9.85,0.89,34.11,102.0,30,60,5,3,8
2018-08-10,46.24,115.63,34.82,9.66,1.11,31.83,111.0,30,60,5,4,8
2018-08-11,32.72,98.26,24.06,8.84,0.7,27.66,106.0,30,60,5,5,8
2018-08-12,25.7,83.58,23.5,9.09,0.66,23.92,92.0,30,60,5,6,8
2018-08-13,32.75,106.03,25.04,9.26,0.84,27.7,102.0,30,60,5,0,8
2018-08-14,46.85,126.7,29.49,9.86,1.09,32.47,122.0,30,60,5,1,8
2018-08-15,43.0,117.21,23.72,8.85,0.84,34.04,128.0,30,60,5,2,8
2018-08-16,36.49,88.06,29.32,10.43,1.21,31.87,109.0,30,60,5,3,8
2018-08-17,32.98,80.82,24.58,9.26,0.98,30.62,109.0,30,60,5,4,8
2018-08-18,32.11,77.4,26.17,10.05,0.88,30.9,90.0,30,60,5,5,8
2018-08-19,47.01,96.0,31.85,11.4,1.07,32.1,100.0,30,60,5,6,8
2018-08-20,61.1,125.39,32.54,10.88,1.18,39.36,138.0,30,60,5,0,8
2018-08-21,30.98,77.56,27.85,11.99,1.02,31.02,105.0,30,60,5,1,8
2018-08-22,29.75,74.91,28.18,11.43,0.9,25.33,91.0,30,60,5,2,8
2018-08-23,31.19,73.3,24.72,10.82,0.82,18.25,86.0,30,60,5,3,8
2018-08-24,23.71,88.0,24.6,10.4,0.8,19.29,89.0,30,60,5,4,8
2018-08-25,21.96,82.69,22.78,10.9,0.68,20.69,100.0,30,60,5,5,8
2018-08-26,23.96,77.21,19.92,10.31,0.6,24.77,85.0,30,60,5,6,8
2018-08-27,24.78,56.62,23.6,10.82,0.78,26.5,82.0,30,60,5,0,8
2018-08-28,29.26,58.76,25.52,10.84,0.85,21.91,81.0,30,60,5,1,8
2018-08-29,36.06,65.58,26.12,10.23,0.9,21.53,88.0,30,60,5,2,8
2018-08-30,41.26,95.47,28.28,9.97,0.95,27.06,97.0,30,60,5,3,8
2018-08-31,47.53,152.29,25.96,9.67,0.82,23.57,127.0,30,60,5,4,8
2018-09-01,45.19,110.35,28.51,10.53,1.02,19.58,132.0,30,60,5,5,9
2018-09-02,40.9,80.4,23.44,9.81,0.87,23.36,116.0,30,60,5,6,9
2018-09-03,42.06,72.38,27.63,9.96,1.06,26.15,89.0,30,60,5,0,9
2018-09-04,55.72,105.56,35.94,10.8,1.29,26.55,118.0,30,60,5,1,9
2018-09-05,39.77,101.8,30.63,9.62,1.04,20.64,108.0,30,60,5,2,9
2018-09-06,49.44,138.52,30.88,10.13,0.96,26.24,137.0,30,60,5,3,9
2018-09-07,42.11,87.03,37.91,10.75,1.1,28.23,117.0,30,60,5,4,9
2018-09-08,35.45,72.63,26.65,11.38,0.84,23.65,105.0,30,60,5,5,9
2018-09-09,29.1,56.92,23.58,10.98,0.72,26.36,86.0,30,60,5,6,9
2018-09-10,36.99,83.98,29.61,11.21,0.88,29.46,92.0,30,60,5,0,9
2018-09-11,28.33,78.11,26.0,9.77,0.78,23.21,91.0,30,60,5,1,9
2018-09-12,28.55,103.27,24.4,10.31,0.71,22.44,96.0,30,60,5,2,9
2018-09-13,27.49,115.88,23.21,11.24,0.63,23.11,108.0,30,60,5,3,9
2018-09-14,31.38,113.92,25.18,11.21,0.7,24.58,113.0,30,60,5,4,9
2018-09-15,37.48,125.81,27.72,11.74,0.8,25.86,126.0,30,60,5,5,9
2018-09-16,43.09,131.43,25.92,11.14,0.72,26.12,124.0,30,60,5,6,9
2018-09-17,55.86,157.59,29.15,11.12,0.78,35.01,135.0,30,60,5,0,9
2018-09-18,54.94,165.11,29.8,11.95,0.75,38.79,154.0,30,60,5,1,9
2018-09-19,58.63,175.12,37.36,13.43,0.89,40.04,157.0,30,60,5,2,9
2018-09-20,73.3,185.23,38.16,14.41,0.98,49.18,173.0,30,60,5,3,9
2018-09-21,46.73,112.51,26.7,12.74,0.75,30.31,155.0,30,60,5,4,9
2018-09-22,24.29,46.36,21.72,11.11,0.73,23.89,76.0,30,60,5,5,9
2018-09-23,30.71,54.77,19.88,11.59,0.67,28.89,69.0,30,60,5,6,9
2018-09-24,21.46,35.84,25.07,11.08,0.74,19.54,63.0,30,60,5,0,9
2018-09-25,21.45,49.41,25.67,10.88,0.81,22.48,63.0,30,60,5,1,9
2018-09-26,42.83,108.67,32.38,11.59,1.03,28.54,99.0,30,60,5,2,9
2018-09-27,71.44,171.42,37.42,12.78,1.5,35.24,151.0,30,60,5,3,9
2018-09-28,83.78,214.66,44.68,12.98,1.78,37.24,200.0,30,60,5,4,9
2018-09-29,92.46,230.62,46.15,13.08,1.57,41.92,229.0,30,60,5,5,9
2018-09-30,69.49,155.26,34.52,12.38,1.0,35.54,176.0,30,60,5,6,9
2018-10-01,65.78,177.08,40.86,12.7,1.13,38.52,148.0,30,60,5,0,10
2018-10-02,76.03,185.21,36.68,12.25,1.11,35.8,186.0,30,60,5,1,10
2018-10-03,63.37,177.17,42.57,13.36,1.13,36.72,160.0,30,60,5,2,10
2018-10-04,97.4,235.14,48.01,14.42,1.34,45.63,206.0,30,60,5,3,10
2018-10-05,121.12,270.61,53.69,17.27,1.62,44.88,268.0,30,60,5,4,10
2018-10-06,78.87,199.37,44.71,13.42,1.23,32.93,237.0,30,60,5,5,10
2018-10-07,81.14,221.03,44.81,14.33,1.25,42.38,189.0,30,60,5,6,10
2018-10-08,118.6,279.23,56.21,16.13,1.51,51.05,253.0,30,60,5,0,10
2018-10-09,103.26,263.89,54.24,19.67,1.59,52.46,269.0,30,60,5,1,10
2018-10-10,93.36,256.14,47.73,16.55,1.51,43.9,263.0,30,60,5,2,10
2018-10-11,70.42,208.39,37.74,14.54,1.02,37.04,219.0,30,60,5,3,10
2018-10-12,67.93,172.04,44.48,16.06,1.13,42.01,163.0,30,60,5,4,10
2018-10-13,132.93,264.13,49.89,17.91,1.41,42.0,264.0,30,60,5,5,10
2018-10-14,91.88,217.12,47.34,16.07,1.3,40.16,237.0,30,60,5,6,10
2018-10-15,115.96,280.24,55.44,17.96,1.61,44.92,253.0,30,60,5,0,10
2018-10-16,139.18,342.5,64.18,19.19,2.2,54.38,309.0,30,60,5,1,10
2018-10-17,137.29,323.31,52.81,17.13,1.93,44.29,332.0,30,60,5,2,10
2018-10-18,143.2,337.98,57.64,18.46,2.47,44.65,330.0,30,60,5,3,10
2018-10-19,137.73,313.84,54.31,18.35,1.66,51.05,300.0,30,60,5,4,10
2018-10-20,168.87,328.13,54.04,19.82,1.55,47.64,344.0,30,60,5,5,10
2018-10-21,141.15,294.36,55.77,20.59,1.52,42.61,325.0,30,60,5,6,10
2018-10-22,121.65,274.68,55.49,17.74,1.55,41.32,296.0,30,60,5,0,10
2018-10-23,119.4,302.16,63.32,19.49,1.84,44.7,274.0,30,60,5,1,10
2018-10-24,174.04,384.46,77.72,20.95,2.52,56.09,354.0,30,60,5,2,10
2018-10-25,168.82,368.33,72.23,22.51,2.35,62.29,356.0,30,60,5,3,10
2018-10-26,203.12,396.01,74.04,20.76,2.72,53.02,394.0,30,60,5,4,10
2018-10-27,206.05,408.94,77.3,19.9,3.14,52.9,396.0,30,60,5,5,10
2018-10-28,205.0,375.23,57.66,15.62,2.45,52.78,403.0,30,60,5,6,10
2018-10-29,231.83,427.06,62.22,16.66,2.67,53.2,397.0,30,60,5,0,10
2018-10-30,263.39,459.45,70.46,17.62,2.9,50.55,456.0,30,60,5,1,10
2018-10-31,225.17,405.94,68.02,18.11,2.91,47.05,422.0,30,60,5,2,10
2018-11-01,236.67,416.97,71.63,20.12,2.97,45.98,433.0,30,60,5,3,11
2018-11-02,205.44,373.61,65.98,19.65,1.99,46.13,391.0,30,60,5,4,11
2018-11-03,159.56,298.85,47.39,17.1,1.43,45.43,353.0,30,60,5,5,11
2018-11-04,97.27,179.85,34.18,15.01,1.0,51.96,238.0,30,60,5,6,11
2018-11-05,361.98,500.01,48.25,14.63,1.88,45.0,424.0,30,60,5,0,11
2018-11-06,177.88,312.87,43.78,15.37,1.29,45.01,411.0,30,60,5,1,11
2018-11-07,175.43,300.54,45.14,19.39,1.44,51.22,317.0,30,60,5,2,11
2018-11-08,420.3,509.73,64.57,26.52,2.45,38.35,452.0,30,60,5,3,11
2018-11-09,300.91,440.76,68.25,17.41,2.65,47.94,487.0,30,60,5,4,11
2018-11-10,288.86,447.4,79.5,18.01,3.01,42.55,430.0,30,60,5,5,11
2018-11-11,256.68,425.12,70.55,16.2,2.89,51.68,454.0,30,60,5,6,11
2018-11-12,271.7,464.28,71.88,17.4,2.85,53.37,437.0,30,60,5,0,11
2018-11-13,265.06,441.43,74.72,18.72,2.74,37.8,454.0,30,60,5,1,11
2018-11-14,136.2,225.77,59.36,16.02,1.68,31.95,361.0,30,60,5,2,11
2018-11-15,98.53,175.95,47.83,15.03,1.29,32.95,251.0,30,60,5,3,11
2018-11-16,138.49,230.56,42.41,14.2,1.24,40.74,302.0,30,60,5,4,11
2018-11-17,135.21,255.42,51.93,14.37,1.6,36.97,292.0,30,60,5,5,11
2018-11-18,166.43,313.67,61.82,16.29,2.0,39.51,330.0,30,60,5,6,11
2018-11-19,179.79,319.12,56.73,16.32,1.56,51.15,340.0,30,60,5,0,11
2018-11-20,224.1,374.77,63.96,16.11,2.04,46.03,367.0,30,60,5,1,11
2018-11-21,209.96,349.54,63.79,14.22,1.79,40.22,396.0,30,60,5,2,11
2018-11-22,139.02,292.92,74.93,16.89,2.09,37.22,317.0,30,60,5,3,11
2018-11-23,187.85,331.22,61.06,16.39,2.04,40.01,356.0,30,60,5,4,11
2018-11-24,107.73,223.33,46.57,15.12,1.34,37.48,296.0,30,60,5,5,11
2018-11-25,133.62,268.83,58.16,16.56,1.72,37.17,266.0,30,60,5,6,11
2018-11-26,200.69,362.41,68.3,20.11,2.43,39.8,349.0,30,60,5,0,11
2018-11-27,205.53,378.23,78.94,18.31,3.32,34.02,396.0,30,60,5,1,11
2018-11-28,193.1,356.12,69.6,15.96,2.85,34.61,363.0,30,60,5,2,11
2018-11-29,205.17,363.12,63.68,12.76,2.52,35.79,384.0,30,60,5,3,11
2018-11-30,190.36,340.56,56.74,13.69,1.96,35.79,365.0,30,60,5,4,11
2018-12-01,147.48,297.66,56.43,14.4,1.91,35.45,335.0,30,60,5,5,12
2018-12-02,164.63,331.5,67.18,16.62,2.77,39.35,329.0,30,60,5,6,12
2018-12-03,178.87,356.2,66.91,16.52,2.74,38.44,356.0,30,60,5,0,12
2018-12-04,211.57,393.74,74.17,16.28,3.17,38.12,394.0,30,60,5,1,12
2018-12-05,181.62,345.32,65.87,15.89,2.59,32.33,374.0,30,60,5,2,12
2018-12-06,218.06,395.33,71.73,16.49,3.04,40.87,385.0,30,60,5,3,12
2018-12-07,193.81,353.86,54.83,14.11,2.09,32.45,376.0,30,60,5,4,12
2018-12-08,202.83,358.72,59.06,15.47,2.2,37.6,366.0,30,60,5,5,12
2018-12-09,226.35,388.23,65.3,18.08,2.67,39.85,389.0,30,60,5,6,12
2018-12-10,264.63,453.77,66.58,16.74,2.75,42.51,431.0,30,60,5,0,12
2018-12-11,274.97,461.98,68.87,15.49,2.78,41.9,464.0,30,60,5,1,12
2018-12-12,209.63,327.23,55.1,14.64,1.95,36.34,443.0,30,60,5,2,12
2018-12-13,94.29,162.44,42.59,13.07,1.21,24.89,264.0,30,60,5,3,12
2018-12-14,113.42,196.85,45.22,12.5,1.22,27.74,248.0,30,60,5,4,12
2018-12-15,122.69,211.8,47.31,13.34,1.22,29.58,274.0,30,60,5,5,12
2018-12-16,150.28,252.01,50.86,15.76,1.42,32.7,295.0,30,60,5,6,12
2018-12-17,182.78,322.5,58.08,16.14,1.93,32.85,338.0,30,60,5,0,12
2018-12-18,204.08,339.38,61.34,17.76,1.78,37.13,370.0,30,60,5,1,12
2018-12-19,205.22,351.7,63.77,17.41,1.92,37.05,370.0,30,60,5,2,12
2018-12-20,258.1,429.33,68.97,17.68,2.64,40.5,423.0,30,60,5,3,12
2018-12-21,252.2,403.18,66.03,15.9,2.22,38.38,422.0,30,60,5,4,12
2018-12-22,326.79,502.83,78.71,18.47,2.59,44.98,468.0,30,60,5,5,12
2018-12-23,401.58,560.68,77.63,18.21,3.36,50.65,557.0,30,60,5,6,12
2018-12-24,378.68,546.59,75.26,17.86,3.36,43.25,577.0,30,60,5,0,12
2018-12-25,268.2,399.37,61.2,14.14,1.9,36.37,475.0,30,60,5,1,12
2018-12-26,241.0,366.1,65.2,15.37,1.99,39.09,405.0,30,60,5,2,12
2018-12-27,290.1,453.45,78.43,18.03,2.87,40.96,458.0,30,60,5,3,12
2018-12-28,249.23,387.84,60.59,14.8,1.66,37.38,413.0,30,60,5,4,12
2018-12-29,248.12,399.14,64.97,16.49,1.96,39.29,420.0,30,60,5,5,12
2018-12-30,336.42,503.99,76.89,19.91,2.94,42.87,484.0,30,60,5,6,12
2018-12-31,319.69,494.51,70.54,17.38,2.7,41.44,509.0,30,60,5,0,12
2019-01-01,287.34,461.02,69.46,17.77,2.54,39.58,475.0,30,60,5,1,1
2019-01-02,331.2,515.72,75.06,18.27,2.78,43.3,501.0,30,60,5,2,1
2019-01-03,355.4,519.34,66.2,15.12,2.55,39.77,537.0,30,60,5,3,1
2019-01-04,246.46,388.79,57.53,13.22,2.01,28.75,432.0,30,60,5,4,1
2019-01-05,262.53,411.49,60.35,15.59,2.23,36.33,440.0,30,60,5,5,1
2019-01-06,174.26,254.66,51.94,13.65,1.49,31.48,371.0,30,60,5,6,1
2019-01-07,181.74,283.88,52.45,15.49,1.57,27.11,331.0,30,60,5,0,1
2019-01-08,156.26,242.02,48.95,14.67,1.31,27.37,340.0,30,60,5,1,1
2019-01-09,143.66,238.94,49.49,15.09,1.3,30.9,321.0,30,60,5,2,1
2019-01-10,165.95,278.87,58.22,16.81,1.75,30.92,317.0,30,60,5,3,1
2019-01-11,278.95,432.2,76.71,20.03,2.9,35.61,401.0,30,60,5,4,1
2019-01-12,311.03,465.89,85.14,17.81,3.11,39.78,482.0,30,60,5,5,1
2019-01-13,272.45,403.32,66.11,17.83,2.36,37.53,464.0,30,60,5,6,1
2019-01-14,94.44,173.94,42.16,15.05,1.04,31.33,320.0,30,60,5,0,1
2019-01-15,134.57,229.1,52.45,17.09,1.37,29.85,248.0,30,60,5,1,1
2019-01-16,271.96,424.07,83.75,20.35,2.58,33.75,383.0,30,60,5,2,1
2019-01-17,358.91,519.49,84.74,19.63,3.13,39.76,515.0,30,60,5,3,1
2019-01-18,237.22,364.61,68.58,14.7,2.06,30.35,437.0,30,60,5,4,1
2019-01-19,262.68,402.21,77.9,18.07,2.35,34.75,411.0,30,60,5,5,1
2019-01-20,314.59,478.43,106.04,20.98,3.66,45.03,480.0,30,60,5,6,1
2019-01-21,175.49,289.4,63.04,16.82,1.83,32.77,413.0,30,60,5,0,1
2019-01-22,53.25,72.61,38.56,11.87,1.01,27.01,174.0,30,60,5,1,1
2019-01-23,135.68,211.71,48.14,14.17,1.62,26.51,186.0,30,60,5,2,1
2019-01-24,130.59,218.93,44.11,15.29,1.44,30.57,328.0,30,60,5,3,1
2019-01-25,81.2,136.43,40.03,14.62,1.01,30.01,188.0,30,60,5,4,1
2019-01-26,101.61,169.32,38.43,14.48,0.98,35.41,231.0,30,60,5,5,1
2019-01-27,136.47,217.45,45.27,15.89,1.1,33.34,275.0,30,60,5,6,1
2019-01-28,126.48,212.42,49.13,15.76,1.06,33.6,301.0,30,60,5,0,1
2019-01-29,142.0,235.85,51.47,18.56,1.24,33.83,297.0,30,60,5,1,1
2019-01-30,206.14,334.21,63.7,24.75,1.76,35.84,342.0,30,60,5,2,1
2019-01-31,204.25,335.07,65.7,20.48,1.9,37.52,397.0,30,60,5,3,1
2019-02-01,178.68,265.65,50.75,17.83,1.34,33.12,329.0,30,60,5,4,2
2019-02-02,177.32,266.3,35.89,11.55,1.24,30.88,338.0,30,60,5,5,2
2019-02-03,131.1,209.41,34.53,11.7,1.32,29.44,323.0,30,60,5,6,2
2019-02-04,144.62,248.49,52.85,14.06,1.81,33.42,301.0,30,60,5,0,2
2019-02-05,256.33,408.32,75.89,22.38,2.95,46.33,398.0,30,60,5,1,2
2019-02-06,177.25,270.92,50.55,15.59,1.64,34.4,380.0,30,60,5,2,2
2019-02-07,65.65,107.83,30.8,11.12,0.84,30.25,233.0,30,60,5,3,2
2019-02-08,72.29,156.6,39.24,12.66,0.94,30.59,136.0,30,60,5,4,2
2019-02-09,82.5,165.94,38.31,13.25,0.96,33.55,169.0,30,60,5,5,2
2019-02-10,143.31,255.47,49.26,16.41,1.36,33.03,277.0,30,60,5,6,2
2019-02-11,173.61,304.98,58.56,17.52,1.78,37.03,332.0,30,60,5,0,2
2019-02-12,208.64,357.36,66.37,19.93,2.09,43.29,357.0,30,60,5,1,2
2019-02-13,198.26,336.99,70.04,18.61,1.94,43.36,372.0,30,60,5,2,2
2019-02-14,153.73,237.08,53.15,14.53,1.42,32.61,350.0,30,60,5,3,2
2019-02-15,123.46,194.76,44.28,15.38,1.22,28.15,275.0,30,60,5,4,2
2019-02-16,112.34,181.64,33.33,12.92,1.13,26.45,288.0,30,60,5,5,2
2019-02-17,99.27,180.93,42.59,15.14,1.09,34.81,247.0,30,60,5,6,2
2019-02-18,109.11,215.05,56.12,16.78,1.18,33.69,278.0,30,60,5,0,2
2019-02-19,126.12,229.75,55.44,15.93,1.56,36.66,232.0,30,60,5,1,2
2019-02-20,102.3,185.4,51.88,17.16,1.4,23.68,305.0,30,60,5,2,2
2019-02-21,73.33,178.07,47.15,20.1,1.37,34.41,158.0,30,60,5,3,2
2019-02-22,73.9,147.86,33.95,13.94,1.07,28.45,191.0,30,60,5,4,2
2019-02-23,56.51,115.07,36.12,15.66,0.85,37.26,116.0,30,60,5,5,2
2019-02-24,89.34,161.89,46.26,18.99,1.03,38.02,169.0,30,60,5,6,2
2019-02-25,92.36,172.59,53.86,18.07,1.24,42.49,221.0,30,60,5,0,2
2019-02-26,59.97,120.3,50.31,16.88,0.95,32.19,144.0,30,60,5,1,2
2019-02-27,47.18,91.52,35.07,12.52,0.79,31.38,112.0,30,60,5,2,2
2019-02-28,96.38,180.46,45.02,16.98,1.25,35.95,198.0,30,60,5,3,2
2019-03-01,93.83,181.26,48.87,15.81,1.17,37.75,222.0,30,60,5,4,3
2019-03-02,109.6,182.54,62.05,17.96,1.36,25.07,227.0,30,60,5,5,3
2019-03-03,62.92,105.16,40.61,13.48,1.16,33.59,172.0,30,60,5,6,3
2019-03-04,105.93,180.84,40.1,14.75,1.54,38.13,217.0,30,60,5,0,3
2019-03-05,68.86,135.4,40.05,14.26,1.01,36.3,173.0,30,60,5,1,3
2019-03-06,83.45,168.32,45.3,15.16,1.25,33.71,189.0,30,60,5,2,3
2019-03-07,104.61,212.7,51.9,16.39,1.48,39.32,228.0,30,60,5,3,3
2019-03-08,92.07,199.28,51.75,17.44,1.27,37.86,220.0,30,60,5,4,3
2019-03-09,73.31,162.18,40.84,17.3,0.99,33.51,194.0,30,60,5,5,3
2019-03-10,73.98,163.8,44.17,16.36,0.96,44.11,157.0,30,60,5,6,3
2019-03-11,82.17,205.43,52.91,18.44,1.24,42.09,190.0,30,60,5,0,3
2019-03-12,57.28,129.4,37.45,13.82,0.93,37.15,149.0,30,60,5,1,3
2019-03-13,89.17,231.19,57.03,22.48,1.27,33.94,168.0,30,60,5,2,3
2019-03-14,111.2,217.74,48.81,17.54,1.36,28.81,281.0,30,60,5,3,3
2019-03-15,74.88,144.35,41.27,16.21,1.0,33.4,183.0,30,60,5,4,3
2019-03-16,68.64,140.6,40.6,15.72,0.92,43.66,143.0,30,60,5,5,3
2019-03-17,93.61,184.01,46.88,19.96,1.07,42.0,198.0,30,60,5,6,3
2019-03-18,100.32,202.01,50.33,20.36,1.19,43.21,221.0,30,60,5,0,3
2019-03-19,103.77,227.07,55.47,20.72,1.29,40.14,239.0,30,60,5,1,3
2019-03-20,89.82,237.61,54.67,21.42,1.35,40.41,234.0,30,60,5,2,3
2019-03-21,112.29,197.17,34.63,19.99,1.34,46.64,272.0,30,60,5,3,3
2019-03-22,38.43,119.87,32.19,16.06,0.74,46.73,141.0,30,60,5,4,3
2019-03-23,55.62,138.56,34.57,17.52,0.89,52.24,131.0,30,60,5,5,3
2019-03-24,53.28,133.47,34.25,19.06,0.82,42.57,126.0,30,60,5,6,3
2019-03-25,65.0,150.34,34.84,20.19,0.93,36.06,136.0,30,60,5,0,3
2019-03-26,75.82,169.16,40.8,19.26,1.04,41.35,162.0,30,60,5,1,3
2019-03-27,78.37,186.49,49.68,20.35,1.22,43.23,177.0,30,60,5,2,3
2019-03-28,116.55,260.26,60.18,24.86,1.76,48.44,245.0,30,60,5,3,3
2019-03-29,112.67,257.27,60.4,19.52,1.8,46.51,273.0,30,60,5,4,3
2019-03-30,102.27,238.99,53.75,22.39,1.51,51.49,252.0,30,60,5,5,3
2019-03-31,58.96,177.53,38.42,18.9,0.94,48.72,198.0,30,60,5,6,3
2019-04-01,59.08,170.14,38.55,20.09,0.88,54.95,153.0,30,60,5,0,4
2019-04-02,90.1,211.47,55.76,24.4,1.19,54.67,194.0,30,60,5,1,4
2019-04-03,85.02,206.04,54.91,21.6,1.32,51.06,208.0,30,60,5,2,4
2019-04-04,119.71,270.77,63.62,29.11,1.8,60.25,260.0,30,60,5,3,4
2019-04-05,125.44,281.53,64.7,28.67,1.96,57.0,284.0,30,60,5,4,4
2019-04-06,96.6,303.71,48.72,23.23,1.32,50.84,269.0,30,60,5,5,4
2019-04-07,152.91,355.22,44.64,21.35,1.49,53.16,315.0,30,60,5,6,4
2019-04-08,81.3,280.23,45.87,15.1,1.06,51.32,284.0,30,60,5,0,4
2019-04-09,87.74,225.5,53.88,22.03,1.44,57.86,240.0,30,60,5,1,4
2019-04-10,101.94,247.53,56.82,20.84,1.76,50.86,263.0,30,60,5,2,4
2019-04-11,70.25,204.19,47.54,21.51,1.21,48.59,196.0,30,60,5,3,4
2019-04-12,61.34,217.0,40.09,19.48,1.12,51.94,202.0,30,60,5,4,4
2019-04-13,55.93,175.93,37.89,20.82,1.06,45.3,175.0,30,60,5,5,4
2019-04-14,51.51,168.11,36.61,20.65,1.02,41.86,150.0,30,60,5,6,4
2019-04-15,54.84,187.59,41.92,22.2,1.28,42.3,163.0,30,60,5,0,4
2019-04-16,59.08,186.75,35.01,12.59,1.1,47.49,206.0,30,60,5,1,4
2019-04-17,22.14,62.49,26.84,11.1,0.9,45.44,102.0,30,60,5,2,4
2019-04-18,38.92,91.55,39.07,15.05,1.01,50.12,104.0,30,60,5,3,4
2019-04-19,71.62,155.39,47.56,21.22,1.24,45.45,151.0,30,60,5,4,4
2019-04-20,90.55,193.76,55.28,26.03,1.42,55.67,199.0,30,60,5,5,4
2019-04-21,95.24,219.06,58.95,22.16,1.66,50.13,225.0,30,60,5,6,4
2019-04-22,110.16,255.31,61.72,29.31,1.87,56.24,246.0,30,60,5,0,4
2019-04-23,104.17,277.28,63.45,25.76,1.92,53.24,257.0,30,60,5,1,4
2019-04-24,85.7,262.58,51.58,19.17,1.41,61.45,232.0,30,60,5,2,4
2019-04-25,86.41,274.39,39.89,17.67,1.31,65.26,251.0,30,60,5,3,4
2019-04-26,82.37,244.21,50.69,26.12,1.34,47.45,223.0,30,60,5,4,4
2019-04-27,73.06,301.82,39.8,21.85,1.05,52.16,248.0,30,60,5,5,4
2019-04-28,76.44,285.73,40.9,20.02,1.06,54.0,269.0,30,60,5,6,4
2019-04-29,84.04,274.83,52.04,23.71,1.33,50.32,256.0,30,60,5,0,4
2019-04-30,95.72,284.13,59.32,26.58,1.62,57.54,257.0,30,60,5,1,4
2019-05-01,111.57,323.97,63.15,27.67,1.61,65.95,285.0,30,60,5,2,5
2019-05-02,77.72,282.83,43.19,18.26,1.19,65.33,275.0,30,60,5,3,5
2019-05-03,52.16,149.1,49.82,17.91,1.09,64.36,202.0,30,60,5,4,5
2019-05-04,77.96,196.87,59.78,18.19,1.26,46.34,182.0,30,60,5,5,5
2019-05-05,101.25,249.97,55.16,21.93,1.51,52.97,231.0,30,60,5,6,5
2019-05-06,118.9,295.84,70.81,23.72,1.93,55.91,267.0,30,60,5,0,5
2019-05-07,128.78,378.89,69.77,22.77,1.98,40.32,310.0,30,60,5,1,5
2019-05-08,143.34,415.23,60.85,25.84,2.0,47.34,389.0,30,60,5,2,5
2019-05-09,137.2,414.7,51.13,23.46,1.52,50.71,390.0,30,60,5,3,5
2019-05-10,95.07,320.44,38.05,17.6,1.03,52.66,333.0,30,60,5,4,5
2019-05-11,101.83,289.05,42.02,21.6,1.15,62.02,266.0,30,60,5,5,5
2019-05-12,178.22,503.28,40.68,19.36,1.22,57.85,352.0,30,60,5,6,5
2019-05-13,170.81,351.28,50.88,33.5,1.51,67.84,376.0,30,60,5,0,5
2019-05-14,58.22,124.28,37.53,13.4,1.02,54.85,217.0,30,60,5,1,5
2019-05-15,84.81,191.04,57.75,20.93,1.52,41.85,194.0,30,60,5,2,5
2019-05-16,75.45,218.38,50.99,15.36,1.38,46.97,192.0,30,60,5,3,5
2019-05-17,92.53,316.4,45.67,13.26,1.31,46.42,257.0,30,60,5,4,5
2019-05-18,44.28,106.51,33.79,10.93,1.04,45.46,176.0,30,60,5,5,5
2019-05-19,81.99,162.83,45.8,17.36,1.21,59.34,168.0,30,60,5,6,5
2019-05-20,93.97,218.72,56.55,19.81,1.35,53.31,216.0,30,60,5,0,5
2019-05-21,77.78,194.58,47.58,20.15,1.21,55.06,206.0,30,60,5,1,5
2019-05-22,64.24,201.27,51.8,16.92,1.5,38.34,167.0,30,60,5,2,5
2019-05-23,92.4,230.0,52.71,21.68,1.49,55.29,228.0,30,60,5,3,5
2019-05-24,43.86,117.66,40.33,11.99,1.21,31.11,151.0,30,60,5,4,5
2019-05-25,43.66,118.65,34.52,13.09,0.99,51.47,125.0,30,60,5,5,5
2019-05-26,55.13,136.58,41.51,17.94,1.06,59.94,135.0,30,60,5,6,5
2019-05-27,64.66,172.68,53.92,18.9,1.28,53.59,163.0,30,60,5,0,5
2019-05-28,65.82,183.77,61.45,20.59,1.3,54.43,175.0,30,60,5,1,5
2019-05-29,74.8,202.75,65.84,23.61,1.45,57.99,191.0,30,60,5,2,5
2019-05-30,85.21,246.05,71.8,21.99,1.75,49.58,226.0,30,60,5,3,5
2019-05-31,88.57,337.77,56.83,19.82,1.47,58.49,266.0,30,60,5,4,5
2019-06-01,95.4,298.35,57.24,21.54,1.56,64.56,300.0,30,60,5,5,6
2019-06-02,73.36,219.79,32.22,14.15,1.07,60.84,222.0,30,60,5,6,6
2019-06-03,66.94,300.7,30.33,12.64,1.03,60.03,232.0,30,60,5,0,6
2019-06-04,54.95,171.58,36.0,13.67,1.14,65.82,212.0,30,60,5,1,6
2019-06-05,73.35,208.72,42.68,15.82,1.29,59.78,190.0,30,60,5,2,6
2019-06-06,70.61,236.45,44.85,16.15,1.13,61.04,209.0,30,60,5,3,6
2019-06-07,54.81,152.39,35.32,14.44,1.11,74.12,192.0,30,60,5,4,6
2019-06-08,69.75,187.62,51.0,13.47,1.47,63.64,184.0,30,60,5,5,6
2019-06-09,101.05,265.12,62.84,21.74,1.86,69.14,237.0,30,60,5,6,6
2019-06-10,74.48,233.49,61.53,15.19,1.63,55.95,230.0,30,60,5,0,6
2019-06-11,118.38,487.77,49.86,13.52,1.41,39.96,315.0,30,60,5,1,6
2019-06-12,59.86,240.88,30.46,11.57,0.92,62.12,280.0,30,60,5,2,6
2019-06-13,52.66,189.69,34.53,11.79,1.03,52.93,189.0,30,60,5,3,6
2019-06-14,53.79,188.21,37.07,12.89,1.07,59.31,167.0,30,60,5,4,6
2019-06-15,81.86,274.68,47.15,17.56,1.18,57.41,217.0,30,60,5,5,6
2019-06-16,42.06,160.96,20.56,9.54,0.8,46.81,205.0,30,60,5,6,6
2019-06-17,40.18,137.08,27.51,11.07,0.89,40.56,126.0,30,60,5,0,6
2019-06-18,30.39,84.53,32.32,8.0,1.03,48.99,119.0,30,60,5,1,6
2019-06-19,79.96,223.08,37.14,12.69,1.12,61.02,173.0,30,60,5,2,6
2019-06-20,42.76,130.88,31.19,9.7,0.92,68.57,175.0,30,60,5,3,6
2019-06-21,71.15,188.16,44.78,12.23,1.22,59.68,178.0,30,60,5,4,6
2019-06-22,68.27,177.16,44.12,14.97,1.11,69.18,185.0,30,60,5,5,6
2019-06-23,42.06,126.12,23.02,10.11,0.95,57.33,153.0,30,60,5,6,6
2019-06-24,26.29,85.68,25.93,10.74,0.92,37.78,118.0,30,60,5,0,6
2019-06-25,53.65,119.98,32.24,11.91,1.07,54.02,131.0,30,60,5,1,6
2019-06-26,67.36,155.9,37.39,12.87,1.16,46.26,161.0,30,60,5,2,6
2019-06-27,65.3,230.98,39.94,13.46,1.16,46.84,169.0,30,60,5,3,6
2019-06-28,61.21,239.15,38.37,14.43,1.02,38.39,207.0,30,60,5,4,6
2019-06-29,58.08,271.27,34.56,11.99,0.93,37.99,223.0,30,60,5,5,6
2019-06-30,65.24,270.03,33.03,12.82,1.04,44.4,234.0,30,60,5,6,6
2019-07-01,57.27,189.32,31.09,12.22,0.94,58.0,195.0,30,60,5,0,7
2019-07-02,71.68,233.25,28.13,12.02,0.99,64.82,202.0,30,60,5,1,7
2019-07-03,39.99,113.92,26.57,9.75,0.99,42.31,162.0,30,60,5,2,7
2019-07-04,36.82,87.8,29.23,9.75,1.11,28.2,111.0,30,60,5,3,7
2019-07-05,48.6,99.98,34.77,11.05,1.2,22.68,113.0,30,60,5,4,7
2019-07-06,34.25,87.5,29.91,10.18,1.0,33.71,99.0,30,60,5,5,7
2019-07-07,38.81,91.79,28.87,10.67,1.08,38.66,101.0,30,60,5,6,7
2019-07-08,49.12,148.79,32.85,10.64,1.15,35.11,129.0,30,60,5,0,7
2019-07-09,42.56,128.6,30.38,9.52,1.11,25.75,131.0,30,60,5,1,7
2019-07-10,69.21,278.71,31.36,10.41,1.04,28.65,150.0,30,60,5,2,7
2019-07-11,76.99,352.26,29.87,9.64,0.97,29.84,300.0,30,60,5,3,7
2019-07-12,76.35,363.7,26.97,8.96,1.05,28.38,294.0,30,60,5,4,7
2019-07-13,63.18,294.27,23.13,9.11,0.97,30.81,312.0,30,60,5,5,7
2019-07-14,63.16,280.99,25.1,9.85,0.95,32.77,243.0,30,60,5,6,7
2019-07-15,42.04,137.67,27.17,10.39,1.09,27.23,180.0,30,60,5,0,7
2019-07-16,31.51,79.22,27.54,9.64,1.05,30.05,117.0,30,60,5,1,7
2019-07-17,32.06,67.73,28.44,8.91,1.03,31.48,92.0,30,60,5,2,7
2019-07-18,32.92,78.08,37.14,8.86,1.24,30.75,98.0,30,60,5,3,7
2019-07-19,63.02,158.3,40.79,9.95,1.41,49.9,142.0,30,60,5,4,7
2019-07-20,46.43,117.84,37.1,8.6,1.15,29.1,137.0,30,60,5,5,7
2019-07-21,50.57,105.55,33.89,8.83,1.39,32.04,123.0,30,60,5,6,7
2019-07-22,60.38,119.66,33.03,8.95,1.55,34.79,124.0,30,60,5,0,7
2019-07-23,73.08,153.96,39.89,9.05,1.61,40.16,156.0,30,60,5,1,7
2019-07-24,63.26,156.93,40.29,8.83,1.41,33.1,165.0,30,60,5,2,7
2019-07-25,22.79,63.51,33.52,8.76,0.94,22.78,98.0,30,60,5,3,7
2019-07-26,30.63,61.26,31.61,8.92,0.99,27.72,94.0,30,60,5,4,7
2019-07-27,26.16,45.04,25.34,8.67,1.0,29.54,85.0,30,60,5,5,7
2019-07-28,21.13,46.35,21.89,8.43,0.89,30.62,83.0,30,60,5,6,7
2019-07-29,24.45,64.17,25.11,8.97,0.92,29.78,82.0,30,60,5,0,7
2019-07-30,30.1,82.81,26.92,9.36,0.97,27.42,90.0,30,60,5,1,7
2019-07-31,30.22,76.67,26.45,8.78,0.93,31.25,90.0,30,60,5,2,7
2019-08-01,34.26,85.89,28.4,8.79,0.94,32.51,98.0,30,60,5,3,8
2019-08-02,35.06,83.66,30.96,8.45,1.03,29.29,95.0,30,60,5,4,8
2019-08-03,38.54,80.35,31.0,9.43,1.07,27.74,104.0,30,60,5,5,8
2019-08-04,46.69,88.15,30.9,9.96,1.13,27.25,101.0,30,60,5,6,8
2019-08-05,52.2,104.96,34.64,9.37,1.24,28.66,108.0,30,60,5,0,8
2019-08-06,30.04,57.31,34.68,8.26,1.14,22.91,99.0,30,60,5,1,8
2019-08-07,32.63,72.98,31.82,9.81,1.22,29.87,104.0,30,60,5,2,8
2019-08-08,27.69,80.22,28.9,10.61,1.01,30.92,99.0,30,60,5,3,8
2019-08-09,14.59,61.47,22.08,9.3,0.86,26.17,89.0,30,60,5,4,8
2019-08-10,16.73,47.75,22.06,8.47,0.87,25.43,75.0,30,60,5,5,8
2019-08-11,25.53,67.15,25.93,8.65,0.96,26.21,83.0,30,60,5,6,8
2019-08-12,20.53,51.91,26.18,8.14,1.02,21.46,80.0,30,60,5,0,8
2019-08-13,21.68,56.18,27.12,8.37,1.1,20.73,85.0,30,60,5,1,8
2019-08-14,33.21,58.36,31.9,8.5,1.19,31.43,93.0,30,60,5,2,8
2019-08-15,28.78,56.28,25.03,8.51,1.04,23.58,93.0,30,60,5,3,8
2019-08-16,15.52,37.1,21.51,8.61,0.87,23.59,73.0,30,60,5,4,8
2019-08-17,10.24,19.51,19.1,7.67,0.81,16.51,67.0,30,60,5,5,8
2019-08-18,15.51,30.45,20.93,8.57,0.98,18.03,66.0,30,60,5,6,8
2019-08-19,38.55,86.13,28.59,8.6,1.31,28.06,99.0,30,60,5,0,8
2019-08-20,41.74,95.71,26.86,8.12,1.23,28.41,103.0,30,60,5,1,8
2019-08-21,46.69,129.46,32.68,7.81,1.14,31.18,107.0,30,60,5,2,8
2019-08-22,44.16,130.49,42.21,8.41,1.21,25.95,125.0,30,60,5,3,8
2019-08-23,50.49,142.76,40.32,8.36,1.3,28.57,130.0,30,60,5,4,8
2019-08-24,60.71,149.82,41.76,8.78,1.47,28.17,149.0,30,60,5,5,8
2019-08-25,33.49,67.82,31.71,8.23,0.93,24.22,107.0,30,60,5,6,8
2019-08-26,25.06,68.59,31.6,8.55,0.99,24.07,77.0,30,60,5,0,8
2019-08-27,40.68,107.99,34.48,10.01,1.17,36.98,114.0,30,60,5,1,8
2019-08-28,42.04,103.01,34.62,9.64,1.07,34.34,119.0,30,60,5,2,8
2019-08-29,33.92,90.29,30.6,8.24,0.93,30.97,103.0,30,60,5,3,8
2019-08-30,43.5,105.68,32.44,9.33,1.02,39.25,110.0,30,60,5,4,8
2019-08-31,57.16,123.23,40.79,9.14,1.41,33.71,123.0,30,60,5,5,8
2019-09-01,35.13,81.44,32.08,8.41,1.11,31.24,123.0,30,60,5,6,9
2019-09-02,46.15,101.79,31.91,8.81,1.07,39.18,105.0,30,60,5,0,9
2019-09-03,70.64,143.56,36.51,8.95,1.21,32.5,131.0,30,60,5,1,9
2019-09-04,73.33,150.39,36.99,9.03,1.22,36.13,165.0,30,60,5,2,9
2019-09-05,33.9,90.44,29.09,9.25,0.97,28.87,118.0,30,60,5,3,9
2019-09-06,35.81,89.47,30.05,10.9,0.99,27.22,96.0,30,60,5,4,9
2019-09-07,34.98,83.26,30.9,8.17,1.0,24.58,95.0,30,60,5,5,9
2019-09-08,32.83,77.01,26.84,8.72,0.9,32.4,99.0,30,60,5,6,9
2019-09-09,56.31,126.43,30.47,8.45,1.0,30.84,107.0,30,60,5,0,9
2019-09-10,64.48,144.47,34.12,9.49,1.07,40.53,139.0,30,60,5,1,9
2019-09-11,79.6,174.33,39.69,9.54,1.15,48.95,166.0,30,60,5,2,9
2019-09-12,57.83,132.61,34.01,8.91,0.99,32.08,158.0,30,60,5,3,9
2019-09-13,33.59,83.22,29.75,8.16,0.88,27.33,103.0,30,60,5,4,9
2019-09-14,26.65,69.36,26.05,8.48,0.77,28.64,85.0,30,60,5,5,9
2019-09-15,35.52,72.61,27.77,8.55,0.91,28.58,83.0,30,60,5,6,9
2019-09-16,56.6,129.47,36.18,8.35,1.13,35.4,111.0,30,60,5,0,9
2019-09-17,59.14,135.84,38.18,8.64,1.12,41.22,143.0,30,60,5,1,9
2019-09-18,35.41,97.32,31.3,9.46,0.86,37.19,117.0,30,60,5,2,9
2019-09-19,21.74,62.19,24.15,9.29,0.78,27.34,80.0,30,60,5,3,9
2019-09-20,40.33,106.47,31.73,10.81,0.95,29.76,96.0,30,60,5,4,9
2019-09-21,39.23,96.29,31.43,9.63,0.99,28.51,112.0,30,60,5,5,9
2019-09-22,26.51,65.65,30.66,9.32,0.91,21.15,86.0,30,60,5,6,9
2019-09-23,34.46,83.33,30.02,9.9,0.93,30.49,89.0,30,60,5,0,9
2019-09-24,35.88,96.22,34.98,9.19,0.98,28.92,103.0,30,60,5,1,9
2019-09-25,30.52,86.31,29.99,8.94,0.9,28.53,100.0,30,60,5,2,9
2019-09-26,22.9,69.49,27.25,10.43,0.83,24.16,87.0,30,60,5,3,9
2019-09-27,15.66,56.71,24.52,10.3,0.78,23.54,78.0,30,60,5,4,9
2019-09-28,22.52,66.98,26.18,10.01,0.77,22.22,78.0,30,60,5,5,9
2019-09-29,16.91,51.03,22.84,8.85,0.74,22.84,68.0,30,60,5,6,9
2019-09-30,29.42,81.97,27.89,8.22,0.92,26.67,75.0,30,60,5,0,9
2019-10-01,33.92,92.41,28.0,8.5,0.96,26.15,98.0,30,60,5,1,10
2019-10-02,40.16,96.13,29.72,8.95,1.05,34.94,105.0,30,60,5,2,10
2019-10-03,57.99,143.97,36.77,10.42,1.25,44.29,140.0,30,60,5,3,10
2019-10-04,43.07,94.9,34.07,8.34,0.99,32.54,113.0,30,60,5,4,10
2019-10-05,39.48,108.22,33.82,8.08,1.03,32.66,108.0,30,60,5,5,10
2019-10-06,58.75,140.15,36.98,8.62,0.99,40.18,127.0,30,60,5,6,10
2019-10-07,55.88,137.81,33.46,8.25,0.91,36.23,133.0,30,60,5,0,10
2019-10-08,44.85,116.56,33.4,8.91,0.85,38.81,123.0,30,60,5,1,10
2019-10-09,77.02,182.89,45.5,11.9,1.37,51.37,165.0,30,60,5,2,10
2019-10-10,100.82,215.18,50.32,13.83,1.34,53.51,208.0,30,60,5,3,10
2019-10-11,98.07,203.36,48.05,11.02,1.37,47.07,243.0,30,60,5,4,10
2019-10-12,103.45,209.42,48.54,11.26,1.44,44.45,235.0,30,60,5,5,10
2019-10-13,132.57,255.42,51.27,12.75,1.65,44.55,282.0,30,60,5,6,10
2019-10-14,116.33,239.47,50.83,11.46,1.73,43.59,285.0,30,60,5,0,10
2019-10-15,133.35,285.26,58.61,13.31,2.18,53.79,291.0,30,60,5,1,10
2019-10-16,146.37,279.78,53.03,13.22,1.77,55.69,320.0,30,60,5,2,10
2019-10-17,121.68,245.2,46.51,14.95,1.44,49.68,300.0,30,60,5,3,10
2019-10-18,90.41,203.39,39.62,11.36,1.14,42.7,265.0,30,60,5,4,10
2019-10-19,76.77,174.84,51.37,11.33,1.18,43.23,170.0,30,60,5,5,10
2019-10-20,98.05,203.14,48.83,10.64,1.26,33.47,242.0,30,60,5,6,10
2019-10-21,115.16,235.0,51.05,11.11,1.3,36.8,254.0,30,60,5,0,10
2019-10-22,93.51,213.26,50.05,11.7,1.37,39.48,243.0,30,60,5,1,10
2019-10-23,122.12,268.58,57.92,14.08,1.79,44.15,248.0,30,60,5,2,10
2019-10-24,173.56,346.51,67.36,18.87,2.46,57.94,335.0,30,60,5,3,10
2019-10-25,129.9,270.87,52.55,15.17,1.72,52.25,331.0,30,60,5,4,10
2019-10-26,148.73,290.6,56.43,12.76,1.92,50.59,315.0,30,60,5,5,10
2019-10-27,198.81,321.68,48.37,13.21,1.77,47.27,354.0,30,60,5,6,10
2019-10-28,301.39,420.35,48.45,18.03,1.77,42.79,417.0,30,60,5,0,10
2019-10-29,287.56,440.77,60.03,12.71,2.43,33.2,419.0,30,60,5,1,10
2019-10-30,279.32,454.35,63.87,13.81,2.67,34.86,452.0,30,60,5,2,10
2019-10-31,314.32,500.04,71.37,15.86,2.92,38.29,460.0,30,60,5,3,10
2019-11-01,388.45,584.15,73.61,16.32,2.59,49.77,591.0,30,60,5,4,11
2019-11-02,320.26,467.74,54.1,12.88,1.93,35.0,473.0,30,60,5,5,11
2019-11-03,582.28,706.58,49.67,10.2,2.39,33.91,659.0,30,60,5,6,11
2019-11-04,272.3,386.16,44.53,11.68,1.47,36.82,532.0,30,60,5,0,11
2019-11-05,190.41,296.98,44.32,13.17,1.43,39.23,385.0,30,60,5,1,11
2019-11-06,101.09,207.19,54.77,11.58,1.52,29.77,265.0,30,60,5,2,11
2019-11-07,182.47,292.56,51.64,11.95,1.58,23.72,296.0,30,60,5,3,11
2019-11-08,154.14,253.44,52.79,14.04,1.68,32.33,346.0,30,60,5,4,11
2019-11-09,140.8,230.5,44.01,11.58,1.34,30.42,321.0,30,60,5,5,11
2019-11-10,192.35,296.44,50.35,13.95,1.44,38.5,339.0,30,60,5,6,11
2019-11-11,252.48,380.54,61.36,15.18,1.79,42.35,376.0,30,60,5,0,11
2019-11-12,384.34,529.59,66.1,14.41,2.25,48.8,475.0,30,60,5,1,11
2019-11-13,383.36,541.19,73.6,15.12,2.5,39.52,532.0,30,60,5,2,11
2019-11-14,371.42,545.66,82.63,16.26,2.92,26.54,537.0,30,60,5,3,11
2019-11-15,423.52,576.12,59.35,14.14,2.35,37.71,595.0,30,60,5,4,11
2019-11-16,174.03,293.0,42.35,12.89,1.34,31.94,438.0,30,60,5,5,11
2019-11-17,96.34,165.5,33.78,10.78,0.92,27.01,273.0,30,60,5,6,11
2019-11-18,108.4,181.67,40.05,10.55,1.26,30.33,245.0,30,60,5,0,11
2019-11-19,126.92,218.13,52.79,12.05,1.6,31.56,251.0,30,60,5,1,11
2019-11-20,175.19,295.47,77.62,14.74,2.21,38.99,315.0,30,60,5,2,11
2019-11-21,217.7,363.77,91.65,19.85,3.0,48.43,375.0,30,60,5,3,11
2019-11-22,201.17,332.6,75.08,16.02,2.4,41.54,377.0,30,60,5,4,11
2019-11-23,130.41,224.14,52.7,11.64,1.3,25.58,334.0,30,60,5,5,11
2019-11-24,107.86,178.21,43.51,11.35,1.01,29.6,264.0,30,60,5,6,11
2019-11-25,122.37,213.67,53.29,13.59,1.45,31.86,269.0,30,60,5,0,11
2019-11-26,114.27,225.78,53.83,17.65,1.41,39.21,284.0,30,60,5,1,11
2019-11-27,65.7,128.1,42.94,10.71,0.89,30.2,166.0,30,60,5,2,11
2019-11-28,31.03,58.6,32.3,8.99,0.65,28.72,106.0,30,60,5,3,11
2019-11-29,53.79,100.29,41.9,10.14,1.03,24.66,89.0,30,60,5,4,11
2019-11-30,96.96,159.36,45.04,9.87,1.21,23.38,175.0,30,60,5,5,11
2019-12-01,123.66,192.47,50.39,11.39,1.17,32.28,257.0,30,60,5,6,12
2019-12-02,141.12,229.08,57.23,11.18,1.49,32.54,299.0,30,60,5,0,12
2019-12-03,140.07,241.56,60.85,11.37,1.49,32.57,302.0,30,60,5,1,12
2019-12-04,163.24,277.92,71.65,13.48,1.95,33.48,313.0,30,60,5,2,12
2019-12-05,271.99,416.79,91.53,14.48,2.95,42.41,389.0,30,60,5,3,12
2019-12-06,241.69,362.1,69.73,13.41,2.03,32.34,423.0,30,60,5,4,12
2019-12-07,233.79,348.44,66.41,15.4,2.32,33.69,382.0,30,60,5,5,12
2019-12-08,239.98,355.16,68.59,13.69,2.88,32.51,404.0,30,60,5,6,12
2019-12-09,200.33,311.58,68.28,12.34,2.32,29.47,371.0,30,60,5,0,12
2019-12-10,236.4,363.3,72.63,12.49,2.41,38.14,377.0,30,60,5,1,12
2019-12-11,299.85,452.65,85.56,14.71,3.2,41.46,430.0,30,60,5,2,12
2019-12-12,284.18,412.59,64.36,12.61,2.01,44.13,471.0,30,60,5,3,12
2019-12-13,94.62,124.26,41.21,7.9,1.14,29.14,322.0,30,60,5,4,12
2019-12-14,78.59,128.36,41.29,9.04,1.18,22.94,179.0,30,60,5,5,12
2019-12-15,94.67,151.57,39.9,8.5,1.15,22.96,205.0,30,60,5,6,12
2019-12-16,88.05,133.11,35.06,7.17,1.04,22.1,202.0,30,60,5,0,12
2019-12-17,93.07,140.23,32.7,7.26,1.07,24.27,178.0,30,60,5,1,12
2019-12-18,144.0,214.88,44.41,7.98,1.24,32.08,273.0,30,60,5,2,12
2019-12-19,261.16,385.13,55.64,9.64,1.92,28.22,354.0,30,60,5,3,12
2019-12-20,316.09,449.06,60.58,9.92,2.16,29.05,452.0,30,60,5,4,12
2019-12-21,249.87,353.94,50.24,8.52,1.71,23.62,441.0,30,60,5,5,12
2019-12-22,146.81,202.05,38.96,6.67,1.13,21.48,351.0,30,60,5,6,12
2019-12-23,171.47,240.19,39.83,7.0,1.28,23.8,321.0,30,60,5,0,12
2019-12-24,262.69,401.03,56.72,8.7,1.76,28.17,376.0,30,60,5,1,12
2019-12-25,166.71,258.28,39.77,6.96,1.2,21.13,384.0,30,60,5,2,12
2019-12-26,196.97,299.85,45.08,6.99,1.17,25.73,340.0,30,60,5,3,12
2019-12-27,240.07,371.45,54.6,7.88,1.39,27.55,372.0,30,60,5,4,12
2019-12-28,275.6,426.12,55.98,10.26,1.96,27.92,425.0,30,60,5,5,12
2019-12-29,326.79,500.15,57.76,10.25,1.86,35.11,455.0,30,60,5,6,12
2019-12-30,333.43,486.35,55.61,11.15,2.24,26.44,506.0,30,60,5,0,12
2019-12-31,245.53,338.18,47.5,11.03,1.8,28.07,417.0,30,60,5,1,12
2020-01-01,372.14,483.87,64.18,18.49,3.15,39.58,492.0,30,60,5,2,1
2020-01-02,327.04,439.31,64.8,19.95,3.32,36.5,485.0,30,60,5,3,1
2020-01-03,228.9,337.04,55.65,14.93,2.8,27.82,426.0,30,60,5,4,1
2020-01-04,220.6,327.22,57.67,12.85,2.2,29.94,366.0,30,60,5,5,1
2020-01-05,170.21,257.94,48.25,9.59,1.23,30.21,354.0,30,60,5,6,1
2020-01-06,159.64,247.47,51.19,11.34,1.27,21.99,335.0,30,60,5,0,1
2020-01-07,120.31,176.22,44.9,12.74,1.18,22.82,285.0,30,60,5,1,1
2020-01-08,117.98,145.85,38.64,8.67,1.13,17.63,281.0,30,60,5,2,1
2020-01-09,89.26,132.06,32.3,7.28,0.89,22.0,231.0,30,60,5,3,1
2020-01-10,130.82,203.54,45.12,9.44,1.3,27.25,255.0,30,60,5,4,1
2020-01-11,151.1,245.62,53.28,11.65,1.54,30.98,309.0,30,60,5,5,1
2020-01-12,207.23,325.36,59.91,12.35,2.26,32.47,352.0,30,60,5,6,1
2020-01-13,218.98,329.77,55.04,11.59,2.11,27.98,381.0,30,60,5,0,1
2020-01-14,115.62,163.67,38.08,9.24,1.16,21.62,314.0,30,60,5,1,1
2020-01-15,111.57,179.08,47.45,10.68,1.17,26.19,241.0,30,60,5,2,1
2020-01-16,139.06,197.9,44.21,10.44,1.11,18.63,286.0,30,60,5,3,1
2020-01-17,107.65,152.98,36.19,9.69,1.14,18.97,287.0,30,60,5,4,1
2020-01-18,125.3,198.24,43.78,9.65,1.32,19.93,262.0,30,60,5,5,1
2020-01-19,125.04,187.93,34.18,8.69,0.96,25.86,290.0,30,60,5,6,1
2020-01-20,142.18,225.67,38.21,9.65,1.39,24.64,282.0,30,60,5,0,1
2020-01-21,222.81,348.45,48.18,12.24,1.93,27.6,359.0,30,60,5,1,1
2020-01-22,198.88,296.98,44.3,10.95,1.9,24.63,378.0,30,60,5,2,1
2020-01-23,74.45,137.61,35.26,8.71,0.79,27.73,273.0,30,60,5,3,1
2020-01-24,79.83,151.81,44.0,10.73,0.99,30.53,155.0,30,60,5,4,1
2020-01-25,136.72,240.57,56.31,12.36,1.48,26.8,251.0,30,60,5,5,1
2020-01-26,201.2,309.09,50.94,12.81,2.09,32.7,349.0,30,60,5,6,1
2020-01-27,209.97,330.91,67.09,14.72,2.19,26.6,365.0,30,60,5,0,1
2020-01-28,104.45,149.12,42.01,11.12,1.26,23.29,302.0,30,60,5,1,1
2020-01-29,77.95,134.17,42.24,9.85,1.24,23.96,218.0,30,60,5,2,1
2020-01-30,91.56,168.43,45.04,10.06,1.08,24.23,195.0,30,60,5,3,1
2020-01-31,92.04,170.33,47.35,9.9,1.1,24.36,203.0,30,60,5,4,1
2020-02-01,112.13,201.19,44.25,10.02,1.26,29.22,244.0,30,60,5,5,2
2020-02-02,120.86,200.9,45.28,10.32,1.2,29.69,254.0,30,60,5,6,2
2020-02-03,138.5,243.43,53.71,11.4,1.51,33.94,297.0,30,60,5,0,2
2020-02-04,188.42,340.56,64.8,15.26,2.21,41.0,336.0,30,60,5,1,2
2020-02-05,150.08,255.41,53.35,13.31,1.3,32.03,344.0,30,60,5,2,2
2020-02-06,118.57,205.43,51.82,12.08,1.18,33.75,277.0,30,60,5,3,2
2020-02-07,150.15,253.82,58.46,14.21,1.51,34.75,307.0,30,60,5,4,2
2020-02-08,149.67,238.17,47.55,14.39,1.16,35.72,315.0,30,60,5,5,2
2020-02-09,151.43,247.62,50.75,14.64,1.29,36.29,310.0,30,60,5,6,2
2020-02-10,174.4,292.44,56.48,14.83,1.61,31.92,328.0,30,60,5,0,2
2020-02-11,176.57,306.12,60.12,14.37,1.89,37.22,347.0,30,60,5,1,2
2020-02-12,172.12,295.05,55.96,16.24,1.29,37.86,343.0,30,60,5,2,2
2020-02-13,95.72,179.78,41.59,16.49,0.95,36.8,279.0,30,60,5,3,2
2020-02-14,73.84,172.28,34.6,13.53,0.82,43.62,186.0,30,60,5,4,2
2020-02-15,83.07,174.78,44.57,17.59,0.91,42.21,174.0,30,60,5,5,2
2020-02-16,132.63,237.81,57.15,19.61,1.38,40.01,254.0,30,60,5,6,2
2020-02-17,158.69,282.84,61.17,18.85,1.61,38.6,323.0,30,60,5,0,2
2020-02-18,125.53,238.91,59.91,23.01,1.39,42.7,292.0,30,60,5,1,2
2020-02-19,138.46,286.39,59.9,20.13,2.0,44.29,300.0,30,60,5,2,2
2020-02-20,98.84,223.69,44.05,14.91,0.99,55.32,253.0,30,60,5,3,2
2020-02-21,53.11,85.49,33.27,10.45,0.83,39.58,170.0,30,60,5,4,2
2020-02-22,63.62,123.44,41.23,13.38,1.2,32.03,104.0,30,60,5,5,2
2020-02-23,105.71,182.2,42.24,14.3,1.26,35.15,221.0,30,60,5,6,2
2020-02-24,70.59,145.05,44.2,15.94,1.02,33.36,169.0,30,60,5,0,2
2020-02-25,127.75,224.02,46.76,18.24,1.22,35.32,244.0,30,60,5,1,2
2020-02-26,141.81,258.62,50.67,17.61,1.54,38.64,303.0,30,60,5,2,2
2020-02-27,107.28,203.77,46.15,14.7,1.23,36.36,270.0,30,60,5,3,2
2020-02-28,83.48,161.36,33.92,11.55,0.97,41.53,214.0,30,60,5,4,2
2020-02-29,60.01,115.82,33.98,12.05,0.83,37.35,144.0,30,60,5,5,2
2020-03-01,42.83,91.88,40.73,12.19,0.97,39.84,105.0,30,60,5,6,3
2020-03-02,99.34,203.51,50.23,15.81,1.58,36.64,192.0,30,60,5,0,3
2020-03-03,86.26,188.73,46.6,15.48,1.22,32.39,226.0,30,60,5,1,3
2020-03-04,82.9,193.79,45.62,16.22,1.1,41.77,200.0,30,60,5,2,3
2020-03-05,31.43,67.5,32.97,11.32,0.81,36.98,112.0,30,60,5,3,3
2020-03-06,21.32,38.5,33.71,10.42,0.87,33.52,82.0,30,60,5,4,3
2020-03-07,40.96,85.45,35.53,11.84,0.82,35.47,77.0,30,60,5,5,3
2020-03-08,72.1,140.22,37.14,12.61,1.11,34.59,156.0,30,60,5,6,3
2020-03-09,58.04,133.75,32.29,13.33,0.75,34.54,138.0,30,60,5,0,3
2020-03-10,84.35,160.91,30.22,17.21,0.84,47.66,186.0,30,60,5,1,3
2020-03-11,55.19,112.57,29.76,13.82,0.76,42.36,128.0,30,60,5,2,3
2020-03-12,56.92,155.18,36.74,13.68,0.94,34.27,125.0,30,60,5,3,3
2020-03-13,68.72,209.02,40.53,15.42,0.87,37.42,170.0,30,60,5,4,3
2020-03-14,39.41,85.26,34.59,11.59,0.76,29.17,131.0,30,60,5,5,3
2020-03-15,60.99,124.24,41.09,13.92,0.9,37.25,124.0,30,60,5,6,3
2020-03-16,61.61,144.37,41.52,14.8,0.89,38.38,148.0,30,60,5,0,3
2020-03-17,69.7,160.15,43.5,15.06,1.0,40.59,164.0,30,60,5,1,3
2020-03-18,68.93,162.56,45.86,14.93,1.07,41.73,162.0,30,60,5,2,3
2020-03-19,90.62,195.15,45.67,17.66,1.14,43.16,191.0,30,60,5,3,3
2020-03-20,90.31,200.79,51.26,19.71,1.24,48.23,209.0,30,60,5,4,3
2020-03-21,82.39,184.81,46.04,18.55,1.18,43.19,205.0,30,60,5,5,3
2020-03-22,78.61,134.46,29.85,16.63,0.92,47.67,198.0,30,60,5,6,3
2020-03-23,54.26,100.55,25.96,15.17,0.78,46.48,127.0,30,60,5,0,3
2020-03-24,55.85,103.62,27.07,15.81,0.81,38.23,124.0,30,60,5,1,3
2020-03-25,37.87,68.03,21.11,11.49,0.68,32.11,92.0,30,60,5,2,3
2020-03-26,45.69,75.81,16.58,12.82,0.58,30.59,93.0,30,60,5,3,3
2020-03-27,26.89,45.48,15.32,11.04,0.53,27.38,76.0,30,60,5,4,3
2020-03-28,21.23,34.15,17.52,10.28,0.54,25.06,51.0,30,60,5,5,3
2020-03-29,27.59,55.75,16.6,10.39,0.52,35.75,64.0,30,60,5,6,3
2020-03-30,35.08,64.66,17.52,12.47,0.58,40.26,74.0,30,60,5,0,3
2020-03-31,35.31,67.01,18.03,12.33,0.56,40.96,81.0,30,60,5,1,3
2020-04-01,32.88,65.84,19.17,13.0,0.62,35.06,80.0,30,60,5,2,4
2020-04-02,28.51,61.06,17.18,10.84,0.6,39.47,78.0,30,60,5,3,4
2020-04-03,31.36,62.69,20.07,11.99,0.61,46.82,84.0,30,60,5,4,4
2020-04-04,40.79,77.64,22.38,12.59,0.68,41.26,90.0,30,60,5,5,4
2020-04-05,51.79,96.88,24.42,16.03,0.81,44.55,103.0,30,60,5,6,4
2020-04-06,59.91,114.88,24.37,15.59,0.81,44.16,134.0,30,60,5,0,4
2020-04-07,33.12,94.02,19.27,13.46,0.6,42.65,100.0,30,60,5,1,4
2020-04-08,29.7,79.04,18.56,12.85,0.56,45.8,91.0,30,60,5,2,4
2020-04-09,36.13,76.32,21.37,14.2,0.66,48.34,89.0,30,60,5,3,4
2020-04-10,57.67,112.93,27.12,16.32,0.81,40.36,111.0,30,60,5,4,4
2020-04-11,53.03,118.1,23.64,18.38,0.83,49.51,126.0,30,60,5,5,4
2020-04-12,38.57,92.7,17.59,15.7,0.67,50.15,102.0,30,60,5,6,4
2020-04-13,60.6,136.77,23.4,19.86,0.83,41.07,119.0,30,60,5,0,4
2020-04-14,58.22,144.7,25.71,17.38,0.93,40.74,134.0,30,60,5,1,4
2020-04-15,58.31,190.98,24.55,14.89,0.93,38.22,152.0,30,60,5,2,4
2020-04-16,69.8,191.17,25.01,19.42,0.94,41.87,172.0,30,60,5,3,4
2020-04-17,26.93,89.58,15.83,14.08,0.64,53.53,123.0,30,60,5,4,4
2020-04-18,29.09,102.53,15.45,12.63,0.68,49.14,102.0,30,60,5,5,4
2020-04-19,35.49,73.86,19.72,13.17,0.71,40.53,95.0,30,60,5,6,4
2020-04-20,52.86,113.25,24.56,15.06,1.02,32.67,115.0,30,60,5,0,4
2020-04-21,37.17,87.27,19.64,15.36,0.82,48.56,102.0,30,60,5,1,4
2020-04-22,58.25,130.99,24.79,17.34,0.86,46.94,122.0,30,60,5,2,4
2020-04-23,54.71,127.82,24.83,17.39,0.91,43.99,129.0,30,60,5,3,4
2020-04-24,65.91,138.46,25.62,18.62,0.99,47.98,143.0,30,60,5,4,4
2020-04-25,33.09,85.83,18.68,12.76,0.75,54.53,121.0,30,60,5,5,4
2020-04-26,40.24,117.1,17.45,16.21,0.77,47.16,119.0,30,60,5,6,4
2020-04-27,27.18,53.02,14.8,15.59,0.76,53.43,98.0,30,60,5,0,4
2020-04-28,41.75,80.36,17.35,17.6,0.86,58.96,105.0,30,60,5,1,4
2020-04-29,55.18,114.91,20.11,19.08,0.91,58.57,123.0,30,60,5,2,4
2020-04-30,49.96,115.63,17.61,17.42,0.84,59.55,128.0,30,60,5,3,4
2020-05-01,61.04,143.11,18.46,17.52,0.89,56.81,140.0,30,60,5,4,5
2020-05-02,34.67,107.36,14.36,13.0,0.76,60.45,127.0,30,60,5,5,5
2020-05-03,32.56,83.02,15.14,11.94,0.68,49.04,110.0,30,60,5,6,5
2020-05-04,26.63,60.59,16.95,11.92,0.72,50.56,92.0,30,60,5,0,5
2020-05-05,56.24,115.91,21.36,16.4,0.87,52.12,117.0,30,60,5,1,5
2020-05-06,58.44,169.61,21.88,15.78,0.89,53.95,139.0,30,60,5,2,5
2020-05-07,36.02,88.35,17.97,13.6,0.73,73.11,140.0,30,60,5,3,5
2020-05-08,51.09,120.82,21.66,13.82,0.83,74.28,138.0,30,60,5,4,5
2020-05-09,54.18,126.9,17.65,13.33,0.85,76.32,142.0,30,60,5,5,5
2020-05-10,44.3,110.39,16.46,12.02,0.74,63.71,127.0,30,60,5,6,5
2020-05-11,43.26,93.49,19.53,12.66,0.76,64.6,113.0,30,60,5,0,5
2020-05-12,43.19,94.4,18.49,13.84,0.75,64.1,122.0,30,60,5,1,5
2020-05-13,68.8,159.2,21.34,15.41,0.9,52.2,132.0,30,60,5,2,5
2020-05-14,56.17,126.53,25.12,12.92,0.89,50.22,154.0,30,60,5,3,5
2020-05-15,47.44,101.93,23.45,13.71,0.84,53.08,125.0,30,60,5,4,5
2020-05-16,81.87,151.8,26.17,16.19,0.99,63.12,175.0,30,60,5,5,5
2020-05-17,98.63,187.24,31.96,20.19,1.06,59.79,202.0,30,60,5,6,5
2020-05-18,101.02,192.68,34.76,22.11,1.12,53.55,222.0,30,60,5,0,5
2020-05-19,106.63,208.65,42.67,20.41,1.31,57.05,238.0,30,60,5,1,5
2020-05-20,67.8,155.41,32.8,18.96,1.03,62.34,196.0,30,60,5,2,5
2020-05-21,55.92,163.77,31.36,18.99,1.09,62.56,149.0,30,60,5,3,5
2020-05-22,94.37,213.47,45.36,26.05,1.31,55.45,199.0,30,60,5,4,5
2020-05-23,74.92,209.49,42.43,17.05,1.16,41.87,202.0,30,60,5,5,5
2020-05-24,55.37,179.3,27.35,17.11,0.87,53.31,174.0,30,60,5,6,5
2020-05-25,61.46,162.41,30.92,21.3,0.94,54.74,157.0,30,60,5,0,5
2020-05-26,55.38,190.11,37.79,16.82,1.1,38.73,153.0,30,60,5,1,5
2020-05-27,43.22,161.76,26.95,14.49,0.83,66.77,156.0,30,60,5,2,5
2020-05-28,39.07,229.55,17.1,11.68,0.8,55.92,174.0,30,60,5,3,5
2020-05-29,24.62,66.66,19.02,9.95,0.77,47.48,129.0,30,60,5,4,5
2020-05-30,23.09,53.19,18.51,9.95,0.84,50.29,84.0,30,60,5,5,5
2020-05-31,21.51,40.43,17.05,9.06,0.84,42.29,80.0,30,60,5,6,5
2020-06-01,41.05,80.47,22.99,14.02,0.96,50.57,100.0,30,60,5,0,6
2020-06-02,45.9,98.32,24.78,12.71,0.92,50.06,123.0,30,60,5,1,6
2020-06-03,50.62,114.01,28.02,15.91,0.9,52.16,123.0,30,60,5,2,6
2020-06-04,68.24,143.79,34.11,17.97,1.09,39.14,144.0,30,60,5,3,6
2020-06-05,42.43,87.05,25.87,12.46,0.87,44.83,126.0,30,60,5,4,6
2020-06-06,35.14,80.49,21.25,10.69,0.82,51.46,102.0,30,60,5,5,6
2020-06-07,39.99,91.17,22.65,11.89,0.86,45.4,104.0,30,60,5,6,6
2020-06-08,46.9,103.27,25.81,15.78,0.94,51.77,112.0,30,60,5,0,6
2020-06-09,64.77,148.67,32.01,15.06,1.01,49.14,138.0,30,60,5,1,6
2020-06-10,58.9,156.29,34.31,14.12,1.03,40.8,154.0,30,60,5,2,6
2020-06-11,54.69,134.36,30.94,12.74,0.91,40.63,142.0,30,60,5,3,6
2020-06-12,64.0,152.7,30.05,12.9,1.06,43.37,152.0,30,60,5,4,6
2020-06-13,52.36,129.33,25.46,10.59,0.95,34.95,132.0,30,60,5,5,6
2020-06-14,71.08,150.28,26.01,13.57,1.04,38.86,147.0,30,60,5,6,6
2020-06-15,48.69,120.23,25.95,12.57,0.88,48.39,130.0,30,60,5,0,6
2020-06-16,39.87,107.99,24.58,12.08,0.88,51.4,126.0,30,60,5,1,6
2020-06-17,34.35,92.58,16.94,10.84,0.78,48.72,110.0,30,60,5,2,6
2020-06-18,36.84,100.62,18.32,12.19,0.82,47.98,107.0,30,60,5,3,6
2020-06-19,57.6,205.56,17.78,11.98,0.86,40.95,132.0,30,60,5,4,6
2020-06-20,35.96,108.73,20.37,10.98,0.8,36.24,158.0,30,60,5,5,6
2020-06-21,39.7,95.63,23.7,11.71,0.85,33.92,105.0,30,60,5,6,6
2020-06-22,39.47,77.48,20.61,11.08,0.91,42.76,104.0,30,60,5,0,6
2020-06-23,29.02,64.12,16.39,11.09,0.88,28.64,85.0,30,60,5,1,6
2020-06-24,30.91,62.61,16.84,11.02,0.89,24.77,71.0,30,60,5,2,6
2020-06-25,38.37,77.76,21.41,11.28,1.02,25.92,86.0,30,60,5,3,6
2020-06-26,50.01,112.08,22.06,11.66,1.01,24.82,104.0,30,60,5,4,6
2020-06-27,39.8,155.94,21.46,10.38,0.87,18.88,112.0,30,60,5,5,6
2020-06-28,59.52,308.65,21.6,10.7,0.94,18.05,196.0,30,60,5,6,6
2020-06-29,44.86,184.12,21.57,11.58,0.88,26.61,233.0,30,60,5,0,6
2020-06-30,39.8,91.98,17.96,10.51,0.84,37.29,114.0,30,60,5,1,6
2020-07-01,54.01,128.66,21.05,11.15,0.97,29.73,101.0,30,60,5,2,7
